CódigoProducto,Descripción,FechaInicio_Oferta,FechaFin_Oferta,Precio,Sucursal
0000000094727,CREMA LECHE DISTRI CREM POTE                      ,2024-08-22,2024-08-27,3100.0,1
0000000100138,EMPAQUE MIXTO SIN CAROZO KG. 11158                ,2024-08-09,2024-08-15,9950.0,1
0000000100207,CHIPA KG.                                         ,2024-08-23,2024-08-24,8500.0,1
0000000100209,CREMONA KG.                                       ,2024-08-09,2024-08-10,4900.0,1
0000000100329,MARIA LUISA CREMOSO HORMA KG.                     ,2024-08-02,2024-08-08,5998.0,1
0000000102490,CHORIZO FRESCO ESPECIAL KG.                       ,2024-08-09,2024-08-10,5750.0,1
0000000102490,CHORIZO FRESCO ESPECIAL KG.                       ,2024-08-23,2024-08-24,6400.0,1
0000000102564,QUESO TREMBLAY CREMOSO KG.                        ,2024-08-22,2024-08-23,6890.0,1
0000000102721,CHORIZO FRESCO ROSCA KG.                          ,2024-08-09,2024-08-10,5750.0,1
0000000102721,CHORIZO FRESCO ROSCA KG.                          ,2024-08-23,2024-08-24,6400.0,1
0000000102746,GRANOLA CROCANTE KG                               ,2024-08-16,2024-08-22,6200.0,1
0000000102835,CEREAL GRANIX SKARCHITOS KG.                      ,2024-08-23,2024-08-29,3736.0,1
0000000213392,PROMO ROTISERIA                                   ,2024-08-09,2024-08-10,9900.0,1
0000000213392,PROMO ROTISERIA                                   ,2024-08-30,2024-08-31,7980.0,1
0000000250014,PALETA COCIDA LAR 250G.                           ,2024-08-02,2024-08-03,1720.0,1
0000000250014,PALETA COCIDA LAR 250G.                           ,2024-08-09,2024-08-10,1720.0,1
0000000250014,PALETA COCIDA LAR 250G.                           ,2024-08-15,2024-08-16,1990.0,1
0000000250014,PALETA COCIDA LAR 250G.                           ,2024-08-23,2024-08-24,1990.0,1
0000000250036,QUESO MARIA LUISA BARRA 250G.                     ,2024-08-09,2024-08-15,1925.0,1
0000000250037,QUESO MARIA LUISA CREMOSO 500G.                   ,2024-08-02,2024-08-08,2999.0,1
0000000346224,COCINA ORBIS PLANA BCA. 838BC4M                   ,2024-08-20,2024-08-31,628500.0,1
0000078923355,DESODORANTE REXONA R.ON FEM NUTRTITIVE 50ML       ,2024-08-09,2024-08-15,1352.0,1
0000078923454,DESODORANTE REXONA R.ON MEN V8 50ML               ,2024-08-09,2024-08-15,1352.0,1
0000078925472,DESODORANTE REXONA R.ON MEN INVISIBLE 50ML        ,2024-08-09,2024-08-15,1352.0,1
0000078926523,DESODORANTE REXONA ROOL-ON 0% ACTIVE EMOTION      ,2024-08-09,2024-08-15,1352.0,1
0070847032861,BEBIDA ENERGIZANTE MONSTER ULTRA 473ML.LATA       ,2024-08-15,2024-08-16,1436.0,1
0614143438820,SAL P/PARRILLA P.PRECIO BOLSA 400G.               ,2024-08-17,2024-08-22,849.0,1
0614143438899,CONDIMENTO PARRISAL 400G. BOLSA                   ,2024-08-16,2024-08-22,849.0,1
0656750783924,PASTA DE MANI ENTRENUTS STEVIA 380G.              ,2024-08-02,2024-08-08,2490.0,1
0656750783979,PASTA DE MANI ENTRENUTS MIX SEMILLAS 370G.        ,2024-08-02,2024-08-08,2490.0,1
0656750783986,PASTA DE MANI ENTRENUTS AHUMADA 370G.             ,2024-08-02,2024-08-08,2490.0,1
0656750817742,POSTRE FELICES LAS VACAS 170G.CHOCOLATE           ,2024-08-07,2024-08-12,975.0,1
0736684208707,PASTA DE MANI ENTRENUTS NATURAL 370G.             ,2024-08-02,2024-08-08,2490.0,1
0736684208714,PASTA DE MANI ENTRENUTS CACAO 380G.               ,2024-08-02,2024-08-08,2490.0,1
0736684208721,PASTA DE MANI ENTRENUTS COCO 380G.                ,2024-08-02,2024-08-08,2490.0,1
0736684208738,PASTA DE MANI ENTRENUTS CROCANTE 380G.            ,2024-08-02,2024-08-08,2490.0,1
1007084701235,BEBIDA ENERGIZANTE MONSTER GREEN 473ML.LATA       ,2024-08-15,2024-08-16,1436.0,1
1007084702751,BEBIDA ENERGIZANTE MONSTER VAL ROSSI 473ML.LATA   ,2024-08-15,2024-08-16,1436.0,1
1007084703123,BEBIDA ENERGIZANTE MONSTER WATERMELON 473ML.LATA  ,2024-08-15,2024-08-16,1436.0,1
1007084703475,BEBIDA ENERGIZANTE MONSTER LOCO 473ML.LATA        ,2024-08-15,2024-08-16,1436.0,1
1007084703536,BEBIDA ENERGIZANTE MONSTER ULTRA P 473ML.LATA     ,2024-08-15,2024-08-16,1436.0,1
1007084703703,BEBIDA ENERGIZANTE MONSTER ULTRA SUNRIS 473ML.LATA,2024-08-15,2024-08-16,1436.0,1
1007084789417,BEBIDA ENERGIZANTE MONSTER ANANA 473ML.LATA       ,2024-08-15,2024-08-16,1436.0,1
6000001012716,FACTURAS LAR KG.                                  ,2024-08-02,2024-08-03,5750.0,1
6000001012716,FACTURAS LAR KG.                                  ,2024-08-15,2024-08-16,5900.0,1
6000001012716,FACTURAS LAR KG.                                  ,2024-08-30,2024-08-31,5900.0,1
6000001014550,SANDWICH SIMPLES KG.                              ,2024-08-02,2024-08-03,6950.0,1
6000001014550,SANDWICH SIMPLES KG.                              ,2024-08-15,2024-08-16,6950.0,1
6000001039232,VACIO NOVILLO KG.                                 ,2024-08-02,2024-08-03,6500.0,1
6000001039232,VACIO NOVILLO KG.                                 ,2024-08-04,2024-08-06,6500.0,1
6000001039232,VACIO NOVILLO KG.                                 ,2024-08-09,2024-08-10,6500.0,1
6000001039232,VACIO NOVILLO KG.                                 ,2024-08-23,2024-08-26,6950.0,1
6000001040368,MATAMBRE NOVILLO KG.                              ,2024-08-02,2024-08-03,6500.0,1
6000001040368,MATAMBRE NOVILLO KG.                              ,2024-08-04,2024-08-06,6500.0,1
6000001040368,MATAMBRE NOVILLO KG.                              ,2024-08-09,2024-08-10,6500.0,1
6000001040368,MATAMBRE NOVILLO KG.                              ,2024-08-23,2024-08-26,6950.0,1
6000001048838,QUESO MARIA LUISA CREMOSO KG.                     ,2024-08-02,2024-08-08,5998.0,1
6000001049200,QUESO MARIA LUISA BARRA KG.                       ,2024-08-09,2024-08-15,7700.0,1
6000001052798,COSTILLA NOVILLO KG.                              ,2024-08-02,2024-08-03,5900.0,1
6000001052798,COSTILLA NOVILLO KG.                              ,2024-08-04,2024-08-07,5900.0,1
6000001052798,COSTILLA NOVILLO KG.                              ,2024-08-09,2024-08-10,5900.0,1
6000001070822,PALETA COCIDA LAR KG.                             ,2024-08-02,2024-08-03,7360.0,1
6000001070822,PALETA COCIDA LAR KG.                             ,2024-08-09,2024-08-10,7360.0,1
6000001070822,PALETA COCIDA LAR KG.                             ,2024-08-15,2024-08-16,7960.0,1
6000001070822,PALETA COCIDA LAR KG.                             ,2024-08-23,2024-08-24,7960.0,1
6000001072734,CHORIZO FRESCO KG.                                ,2024-08-09,2024-08-10,5750.0,1
6000001072734,CHORIZO FRESCO KG.                                ,2024-08-23,2024-08-24,6400.0,1
6000001073274,CHORIZO FRESCO 100% CERDO KG.                     ,2024-08-02,2024-08-03,5498.0,1
6000001073274,CHORIZO FRESCO 100% CERDO KG.                     ,2024-08-15,2024-08-16,6300.0,1
6000001087202,PIZZA LISTA PARA HORNEAR                          ,2024-08-23,2024-08-24,3500.0,1
6000001153082,BOCADITOS GRANIX FRUTILLA KG.                     ,2024-08-02,2024-08-08,5814.4,1
7506306249974,COLONIA DES.AXE AQUA CITRUS 96G                   ,2024-08-09,2024-08-15,2392.0,1
7506306249981,COLONIA DES.AXE BLUE LAVENDER 96G                 ,2024-08-09,2024-08-15,2392.0,1
7506306249998,COLONIA DES.AXE GREEN GERANIUM 96G                ,2024-08-09,2024-08-15,2392.0,1
7613037383706,"ALIMENTO DOG CHOW 1,5K. S/C CACH. M/P (10700)     ",2024-08-16,2024-08-30,3500.0,1
7613037406283,ALIMENTO DOG CHOW 3KG.CA. S/C R.PEQUEÑA (10608)   ,2024-08-06,2024-08-30,6900.0,1
7622201504076,GALLETITAS VARIEDAD FAMILIAR 590G.                ,2024-08-09,2024-08-15,1479.0,1
7622300724245,FIDEOS TERRABUSI 100A/OS TIRABU.500               ,2024-08-15,2024-08-19,802.4,2
7622300724368,FIDEOS TERRABUSI 100A/OS TALLARI.50               ,2024-08-15,2024-08-19,802.4,2
7701871000849,PREPARADO FLEISCREAM 1L.CHANTILLY                 ,2024-08-09,2024-08-23,3950.0,1
7790045001607,CEREAL GRANIX SKARCHITOS 240 G                    ,2024-08-16,2024-08-22,975.0,1
7790060023684,ACEITE DE GIRASOL COCINERO 1.5 LT                 ,2024-08-10,2024-08-10,2490.0,2
7790060023684,ACEITE DE GIRASOL COCINERO 1.5 LT                 ,2024-08-16,2024-08-22,2498.0,1
7790060023684,ACEITE DE GIRASOL COCINERO 1.5 LT                 ,2024-08-23,2024-08-23,2300.0,1
7790060070541,BIZCOCHUELO EXQUISITA VAIN.540                    ,2024-08-09,2024-08-15,1680.0,1
7790060070565,BIZCOCHUELO EXQUISITA NARANJA 540G                ,2024-08-06,2024-08-15,1680.0,1
7790060070589,BIZCOCHUELO EXQUISITA CHOC.540                    ,2024-08-09,2024-08-15,1680.0,1
7790060070626,BIZCOCHUELO EXQUISITA COCO 540                    ,2024-08-06,2024-08-23,1680.0,1
7790060072996,BIZCOCHUELO EXQUISITA LIMON 540G                  ,2024-08-09,2024-08-15,1680.0,1
7790070036971,RAVIOLES FAVORITA 450G.POLLO Y VERDURA            ,2024-08-30,2024-08-31,1240.0,1
7790070036988,RAVIOLES FAVORITA 450G.JAMON Y QUESO              ,2024-08-30,2024-08-31,1240.0,1
7790070036995,RAVIOLES FAVORITA 450G.QUESOS                     ,2024-08-30,2024-08-31,1240.0,1
7790070321794,FIDEOS MATARAZZO SIN TACC PENNE RIGATE 500G.      ,2024-08-23,2024-08-29,1890.0,1
7790070321800,FIDEOS MATARAZZO SIN TACC SPAGHETTI 500G.         ,2024-08-23,2024-08-29,1890.0,1
7790070335678,FIDEOS TERRABUSI 100A/OS CODITOS 500G             ,2024-08-15,2024-08-19,802.4,2
7790070336446,FIDEOS TERRABUSI 100A/OS MOST.RAYADO 500G         ,2024-08-15,2024-08-19,802.4,2
7790070410764,BIZCOCHUELO EXQUISITA VAIN.450G SIN TACC          ,2024-08-09,2024-08-15,2336.0,1
7790070410771,BIZCOCHUELO EXQUISITA CHOC.450G SIN TACC          ,2024-08-09,2024-08-15,2336.0,1
7790070413536,BIZCOCHUELO EXQUISITA BROWNIES 400G SIN TACC      ,2024-08-02,2024-08-08,2336.0,1
7790070416513,YOGUBAR DE ARROZ GALLO 20G.                       ,2024-08-16,2024-08-22,320.0,1
7790070417343,BIZCOCHOS DE ARROZ GALLO CHIPS QUESO 100G.        ,2024-08-06,2024-08-26,890.0,1
7790070417459,BIZCOCHOS DE ARROZ GALLO CHIPS QUESO 150G.        ,2024-08-06,2024-08-16,1200.0,1
7790070508010,PREMEZCLA BLANCAFLOR PAN/PIZZA S/TACC 500G        ,2024-08-16,2024-08-22,2700.0,1
7790070621269,RAVIOLES LA SALTEÑA 450G.RICOTA                   ,2024-08-15,2024-08-16,1520.0,1
7790070621276,RAVIOLES LA SALTEÑA 450G. POLLO Y VERDURA         ,2024-08-15,2024-08-16,1520.0,1
7790070621283,RAVIOLES LA SALTEÑA 450G. 4 QUESOS                ,2024-08-15,2024-08-16,1520.0,1
7790070621290,RAVIOLES LA SALTEÑA 450G. JAMON Y QUESO           ,2024-08-15,2024-08-16,1520.0,1
7790070621306,RAVIOLES LA SALTEÑA 450G. CARNE Y VERDURA         ,2024-08-15,2024-08-16,1520.0,1
7790070621313,RAVIOLES LA SALTEÑA 450G. ESPINACA Y QUESO        ,2024-08-15,2024-08-16,1520.0,1
7790070621955,DISCOS EMPANADAS LA SALTEÑA 330G.FREIR MAS CROCANT,2024-08-16,2024-08-23,820.0,1
7790070621962,DISCOS EMPANADAS LA SALTEÑA BALANCE 240G.         ,2024-08-16,2024-08-23,820.0,1
7790079022678,SALCHICHON PALADINI FAM.C/JAM. 101915             ,2024-08-07,2024-08-23,2250.0,1
7790123001109,PURE TOMATE VIGENTE 520G.                         ,2024-08-16,2024-08-22,610.0,1
7790150830819,CHOCOLINO PLUS 360G.                              ,2024-08-23,2024-08-29,2264.0,1
7790150830833,CHOCOLINO PLUS 800G.                              ,2024-08-09,2024-08-15,5032.0,1
7790156000018,LECHE DE SOJA ADES NATURAL 1 LT                   ,2024-08-23,2024-08-24,1572.5,1
7790156000056,LECHE DE SOJA ADES MANZANA 1 L                    ,2024-08-23,2024-08-24,1572.5,1
7790156000070,LECHE DE SOJA ADES NARANJA 1 L                    ,2024-08-23,2024-08-24,1572.5,1
7790156000094,LECHE DE SOJA ADES ANANA 1 LT.                    ,2024-08-23,2024-08-24,1572.5,1
7790156000193,LECHE DE SOJA ADES DURAZNO 1 L                    ,2024-08-23,2024-08-24,1572.5,1
7790156000216,LECHE DE SOJA ADES FRU.TROP.1L                    ,2024-08-23,2024-08-24,1572.5,1
7790203000275,ARROZ NOBLE LARGO FINO 00000 1KG.                 ,2024-08-16,2024-08-22,2150.0,1
7790263119689,GALLETITAS OKEBON PANAL 222G. VAINILLA            ,2024-08-16,2024-08-22,1100.0,1
7790263119696,GALLETITAS OKEBON PANAL 222G. COCO                ,2024-08-16,2024-08-22,1100.0,1
7790263119702,GALLETITAS OKEBON PANAL 247G. CHOCOLATE           ,2024-08-16,2024-08-22,1100.0,1
7790314007170,VINO TINTO RESERO 1125CC                          ,2024-08-02,2024-08-08,2390.0,1
7790314062346,VINO TINTO NACIDO Y CRIADO MALBEC 750CC           ,2024-08-23,2024-08-24,2990.0,1
7790387014617,YERBA UNION 4 FLEX 1 KG.                          ,2024-08-23,2024-08-29,3400.0,1
7790387015317,YERBA MAÑANITA 4 FLEX 1KG.                        ,2024-08-16,2024-08-22,3400.0,1
7790503198627,GALLETAS DE ARROZ DOS HERMANOS 100G. CON SAL      ,2024-08-23,2024-08-29,750.0,1
7790503198634,GALLETAS DE ARROZ DOS HERMANOS 100G. SIN SAL      ,2024-08-23,2024-08-29,750.0,1
7790503198641,GALLETAS DE ARROZ DOS HERMANOS 100G. DULCES       ,2024-08-23,2024-08-29,750.0,1
7790503199044,SNACK DE ARROZ DOS HERMANOS 80G.SALAME            ,2024-08-06,2024-08-30,990.0,1
7790580126070,PREMEZCLA ARCOR SIN TACC BIZCOCHUELO VAINILLA 500G,2024-08-23,2024-08-29,3704.0,1
7790580126087,PREMEZCLA ARCOR SIN TACC BIZCOCHUELO CHOCOLATE 500,2024-08-24,2024-08-29,3704.0,1
7790580138738,HARINA MAIZ PRESTOPRONTA 490G.                    ,2024-08-02,2024-08-08,950.0,1
7790696055189,DURAZNO NATURAL P.PRECIO LIGHT 485G.              ,2024-08-09,2024-08-15,1650.0,1
7790703100321,VINO TINTO DON VALENTIN LACRADO 750               ,2024-08-02,2024-08-03,2390.0,1
7790703205293,VINO BLANCO NEW AGE 750ML.                        ,2024-08-02,2024-08-03,3150.0,1
7790742373809,CREMON LIGHT 280G                                 ,2024-08-23,2024-08-29,2030.0,1
7790742373908,CREMON ORIGINAL 280G.                             ,2024-08-23,2024-08-29,2030.0,1
7790787003518,ILOLAY CREM 290 GRS.                              ,2024-08-20,2024-08-21,1900.0,1
7790895000430,GASEOSA COCA COLA 1.5 LITRO                       ,2024-08-23,2024-08-24,2167.5,1
7790895004049,"AGUA SAB.AQUARIUS 1,500CC.POMELO ROSADO           ",2024-08-15,2024-08-16,1521.5,1
7790895004049,"AGUA SAB.AQUARIUS 1,500CC.POMELO ROSADO           ",2024-08-23,2024-08-24,1521.5,1
7790895005794,GASEOSA COCA COLA 2.500 CC.                       ,2024-08-09,2024-08-10,2961.0,1
7790895008498,"AGUA SAB.AQUARIUS 1,500CC.LIMONADA                ",2024-08-15,2024-08-16,1521.5,1
7790895008498,"AGUA SAB.AQUARIUS 1,500CC.LIMONADA                ",2024-08-23,2024-08-24,1521.5,1
7790895067556,GASEOSA COCA COLA ZERO 1.5 LT                     ,2024-08-23,2024-08-24,2167.5,1
7790895068096,GASEOSA COCA COLA ZERO 2500CC                     ,2024-08-09,2024-08-10,2961.0,1
7790895640476,"AGUA SAB.AQUARIUS 1,500CC.PERA                    ",2024-08-15,2024-08-16,1521.5,1
7790895640476,"AGUA SAB.AQUARIUS 1,500CC.PERA                    ",2024-08-23,2024-08-24,1521.5,1
7790895640483,"AGUA SAB.AQUARIUS 1,500CC.MANZANA                 ",2024-08-15,2024-08-16,1521.5,1
7790895640483,"AGUA SAB.AQUARIUS 1,500CC.MANZANA                 ",2024-08-23,2024-08-24,1521.5,1
7790895640490,"AGUA SAB.AQUARIUS 1,500CC.POMELO                  ",2024-08-15,2024-08-16,1521.5,1
7790895640490,"AGUA SAB.AQUARIUS 1,500CC.POMELO                  ",2024-08-23,2024-08-24,1521.5,1
7790895641237,"AGUA SAB.AQUARIUS 1,500CC.NARANJA                 ",2024-08-15,2024-08-16,1521.5,1
7790895641237,"AGUA SAB.AQUARIUS 1,500CC.NARANJA                 ",2024-08-23,2024-08-24,1521.5,1
7790950134810,APERITIVO MARTINI ROSSO 1L.                       ,2024-08-02,2024-08-03,3990.0,1
7790950139242,APERITIVO TRES TORRES SERRANO 2L.                 ,2024-08-09,2024-08-10,998.0,1
7790950139242,APERITIVO TRES TORRES SERRANO 2L.                 ,2024-08-30,2024-08-31,920.0,1
7791200000626,APERITIVO CYNAR 750ML ORIGINAL                    ,2024-08-02,2024-08-03,5990.0,1
7791241000470,LECHE UAT PRIMER PRECIO DESC.1L                   ,2024-08-23,2024-08-29,1490.0,1
7791290790513,LIMPIADOR CIF CREMA 750G ORIGINAL                 ,2024-08-16,2024-08-22,2208.3,1
7791290790926,LIQUIDO P/ROPA SKIP P/DILUIR 500ML OXI            ,2024-08-02,2024-08-08,5437.5,1
7791290791749,POLVO ALA 800G. LAVADO A MANO BICARBONATO         ,2024-08-02,2024-08-08,1358.4,1
7791290791770,POLVO ALA 800G. MATIC BICARBONATO                 ,2024-08-02,2024-08-08,1358.4,1
7791290792555,LAVAVAJILLAS CIF 300CC DT LIMON BIOACTIVE         ,2024-08-09,2024-08-15,1036.0,1
7791290792562,LAVAVAJILLAS CIF 300CC DT LIMA BIOACTIVE          ,2024-08-09,2024-08-15,1036.0,1
7791290792838,LIQUIDO P/ROPA SKIP P/DILUIR 500ML BIO-ENZIMAS    ,2024-08-02,2024-08-08,5437.5,1
7791290793378,LIMPIADOR CIF CREMA 750G ROSAS Y JAZMINES         ,2024-08-16,2024-08-22,2208.3,1
7791290794801,SUAVIZANTE DRIVE DP 900CC CLASICO                 ,2024-08-23,2024-08-29,1290.0,1
7791290794818,SUAVIZANTE DRIVE DP 900CC LAVANDA Y MORA          ,2024-08-23,2024-08-29,1290.0,1
7791290795495,LIQUIDO P/ROPA ALA P/DILUIR 500ML. BICARBONATO    ,2024-08-23,2024-08-29,4760.0,1
7791290795518,LIQUIDO P/ROPA SKIP P/DILUIR 500ML DELUXE         ,2024-08-02,2024-08-08,5437.5,1
7791290795822,LIMPIADOR CIF PISOS DP.450ML DESINFECTANTE        ,2024-08-09,2024-08-15,1056.0,1
7791293008141,DESODORANTE DOVE FEM.ORIGINAL 87G                 ,2024-08-16,2024-08-22,2480.0,1
7791293030760,SHAMPOO SEDAL 340ML CASPA                         ,2024-08-02,2024-08-08,2440.0,1
7791293030760,SHAMPOO SEDAL 340ML CASPA                         ,2024-08-23,2024-08-29,2440.0,1
7791293030777,SHAMPOO SEDAL 340ML CERAMIDAS                     ,2024-08-02,2024-08-08,2440.0,1
7791293030777,SHAMPOO SEDAL 340ML CERAMIDAS                     ,2024-08-23,2024-08-29,2440.0,1
7791293030807,SHAMPOO SEDAL 340ML CREMA BALANCE                 ,2024-08-02,2024-08-08,2440.0,1
7791293030807,SHAMPOO SEDAL 340ML CREMA BALANCE                 ,2024-08-23,2024-08-29,2440.0,1
7791293030845,SHAMPOO SEDAL 340ML LISO PERFECTO                 ,2024-08-02,2024-08-08,2440.0,1
7791293030845,SHAMPOO SEDAL 340ML LISO PERFECTO                 ,2024-08-23,2024-08-29,2440.0,1
7791293030876,SHAMPOO SEDAL 340ML REST. INSTANTANEA             ,2024-08-02,2024-08-08,2440.0,1
7791293030876,SHAMPOO SEDAL 340ML REST. INSTANTANEA             ,2024-08-23,2024-08-29,2440.0,1
7791293030883,SHAMPOO SEDAL 340ML RIZOS DEFINIDOS               ,2024-08-02,2024-08-08,2440.0,1
7791293030883,SHAMPOO SEDAL 340ML RIZOS DEFINIDOS               ,2024-08-23,2024-08-29,2440.0,1
7791293030913,ACONDICIONADOR SEDAL 340ML CREMA BALANCE          ,2024-08-02,2024-08-08,2440.0,1
7791293030937,ACONDICIONADOR SEDAL 340ML CERAMIDAS              ,2024-08-02,2024-08-08,2440.0,1
7791293030982,ACONDICIONADOR SEDAL 340ML LISO PERFECTO          ,2024-08-02,2024-08-08,2440.0,1
7791293031019,ACONDICIONADOR SEDAL 340ML REST.INSTANTANEA       ,2024-08-02,2024-08-08,2440.0,1
7791293031026,ACONDICIONADOR SEDAL 340ML RIZOS DEFINIDOS        ,2024-08-02,2024-08-08,2440.0,1
7791293031927,JABON TOCADOR REXONA 120G SENSIBLE                ,2024-08-09,2024-08-15,680.0,1
7791293031941,JABON TOCADOR REXONA 120G COTTON FRESH            ,2024-08-09,2024-08-15,680.0,1
7791293040189,SHAMPOO SEDAL 340ML CARBON ACTIVADO Y PEONIAS     ,2024-08-02,2024-08-08,2440.0,1
7791293040189,SHAMPOO SEDAL 340ML CARBON ACTIVADO Y PEONIAS     ,2024-08-23,2024-08-29,2440.0,1
7791293040219,ACONDICIONADOR SEDAL 340ML CARBON ACTIVADO        ,2024-08-02,2024-08-08,2440.0,1
7791293040745,ACONDICIONADOR SEDAL 340ML BOMBA ARGAN            ,2024-08-02,2024-08-08,2440.0,1
7791293040875,SHAMPOO SEDAL 340ML BOMBA ARGAN                   ,2024-08-02,2024-08-08,2440.0,1
7791293040875,SHAMPOO SEDAL 340ML BOMBA ARGAN                   ,2024-08-23,2024-08-29,2440.0,1
7791293040950,TALCO EFFICIENT ORIGINAL 100G                     ,2024-08-16,2024-08-22,1385.5,1
7791293041988,SHAMPOO SEDAL 340ML HIALURONICO Y VIT A           ,2024-08-02,2024-08-08,2440.0,1
7791293041988,SHAMPOO SEDAL 340ML HIALURONICO Y VIT A           ,2024-08-23,2024-08-29,2440.0,1
7791293042015,SHAMPOO SEDAL 340ML COLAGENO Y VIT C              ,2024-08-02,2024-08-08,2440.0,1
7791293042015,SHAMPOO SEDAL 340ML COLAGENO Y VIT C              ,2024-08-23,2024-08-29,2440.0,1
7791293042046,ACONDICIONADOR SEDAL 340ML HIALURONICO Y VIT A    ,2024-08-02,2024-08-08,2440.0,1
7791293042077,ACONDICIONADOR SEDAL 340ML COLAGENO Y VIT C       ,2024-08-02,2024-08-08,2440.0,1
7791293042800,ACONDICIONADOR SEDAL 340ML JENGIBRE Y RICINO      ,2024-08-02,2024-08-08,2440.0,1
7791293042978,SHAMPOO SEDAL 340ML JENGIBRE Y RICINO             ,2024-08-02,2024-08-08,2440.0,1
7791293042978,SHAMPOO SEDAL 340ML JENGIBRE Y RICINO             ,2024-08-23,2024-08-29,2440.0,1
7791293044484,TALCO EFFICIENT FRESH 100G                        ,2024-08-16,2024-08-22,1385.5,1
7791293049731,SHAMPOO SEDAL 340ML PREBIOTICOS+BIOTINA           ,2024-08-02,2024-08-08,2440.0,1
7791293049731,SHAMPOO SEDAL 340ML PREBIOTICOS+BIOTINA           ,2024-08-23,2024-08-29,2440.0,1
7791293049762,ACONDICIONADOR SEDAL 340ML PREBIOTICOS+BIOTINA    ,2024-08-02,2024-08-08,2440.0,1
7791293050973,JABON TOCADOR REXONA 120G BAMBOO                  ,2024-08-09,2024-08-15,680.0,1
7791293050997,JABON TOCADOR REXONA 120G FUTBOL                  ,2024-08-09,2024-08-15,680.0,1
7791293051000,JABON TOCADOR REXONA 120G NUTRITIVE ORCHID        ,2024-08-09,2024-08-15,680.0,1
7791337004290,YOGHURT YOGURISIMO NATURAL 300G. S/AZUCAR         ,2024-08-23,2024-08-29,1998.0,1
7791337005457,QUESO BLANCO LS 290G ENTERO                       ,2024-08-16,2024-08-22,1900.0,1
7791337005464,QUESO BLANCO LS 290G                              ,2024-08-16,2024-08-22,1900.0,1
7791337006348,YOGHURT YOGURISIMO NATURAL 300G.                  ,2024-08-23,2024-08-29,1998.0,1
7791337007888,YOGHURT G.COMPRA BEBIBLE 900ML.FRUTILLA           ,2024-08-16,2024-08-22,1300.0,1
7791337007895,YOGHURT G.COMPRA BEBIBLE 900ML.VAINILLA           ,2024-08-16,2024-08-22,1300.0,1
7791422000503,PAN RALLADO PRIMER PRECIO 400 GRS.                ,2024-08-16,2024-08-22,649.0,1
7791422000510,REBOZADOR PRIMER PRECIO 400 GRS.                  ,2024-08-16,2024-08-22,649.0,1
7791708001422,PAN VENEZIANA TRISALVADO LIGTH 620G               ,2024-08-27,2024-08-30,2500.0,1
7791987000499,PREMEZCLA P/PANIFICADOS LAS 3 HARINAS 500G.       ,2024-08-09,2024-08-15,3798.0,1
7792180001528,HARINA CAÑUELAS 000 1KG.                          ,2024-08-09,2024-08-15,720.0,1
7792180004512,HARINA PUREZA 000 1KG.                            ,2024-08-02,2024-08-08,760.0,1
7792180140814,BIZCOCHOS 9 DE ORO GRANOLA 180G.                  ,2024-08-06,2024-08-30,460.0,1
7792198005402,MATE COCIDO PRIMER PRECIO 25 SAQ.                 ,2024-08-09,2024-08-15,690.0,1
7792200020119,BIZCOCHOS 9 DE ORO SALVADO 200GRS                 ,2024-08-06,2024-08-30,460.0,1
7792665010533,HARINA MAIZ MONARCA 500G. C.RAPIDA                ,2024-08-23,2024-08-29,330.0,1
7792860009882,CARAMELOS PICO DULCE ANIMALS CREMY 150G. (300854) ,2024-08-23,2024-08-23,3704.0,1
7792880000012,AZUCAR EN PANCITOS MENDEZ 500G                    ,2024-08-09,2024-08-15,2140.0,1
7793040065117,CONG.HAMBURGUESAS FRIAR 160G. CLASICAS COD.4309   ,2024-08-16,2024-08-22,1120.0,1
7793040065728,SALCHICHAS CARCARAÑA 190G.COD.909                 ,2024-08-07,2024-08-08,700.0,1
7793253002442,"LIMPIADOR POETT 1,8L LOVE EVOLUTION               ",2024-08-09,2024-08-15,2072.0,1
7793253003074,"LIMPIADOR POETT 1,8L MUSICA PRIMAVERA             ",2024-08-09,2024-08-15,2072.0,1
7793253003234,QUITAMANCHAS AYUDIN R.COLOR DP.400ML              ,2024-08-02,2024-08-08,1791.0,1
7793253003234,QUITAMANCHAS AYUDIN R.COLOR DP.400ML              ,2024-08-09,2024-08-15,1791.0,1
7793253003258,QUITAMANCHAS AYUDIN BLANCO SUP.DP.400ML           ,2024-08-02,2024-08-08,1791.0,1
7793253003258,QUITAMANCHAS AYUDIN BLANCO SUP.DP.400ML           ,2024-08-09,2024-08-15,1791.0,1
7793253003326,INSECTICIDA SELTON MMM ACCION INST. 360CC         ,2024-08-16,2024-08-22,3375.0,1
7793253003463,LIMPIADOR POETT 1.8L BEBE                         ,2024-08-02,2024-08-08,2072.0,1
7793253003463,LIMPIADOR POETT 1.8L BEBE                         ,2024-08-09,2024-08-15,2072.0,1
7793253003517,LIMPIADOR POETT 1.8L FRESCURA DE LAVANDA          ,2024-08-02,2024-08-08,2072.0,1
7793253003517,LIMPIADOR POETT 1.8L FRESCURA DE LAVANDA          ,2024-08-09,2024-08-15,2072.0,1
7793253003555,LIMPIADOR POETT 1.8L FLORES DE PRIMAVERA          ,2024-08-02,2024-08-08,2072.0,1
7793253003555,LIMPIADOR POETT 1.8L FLORES DE PRIMAVERA          ,2024-08-09,2024-08-15,2072.0,1
7793253003616,LIMPIADOR POETT 1.8L PRIMAVERA                    ,2024-08-02,2024-08-08,2072.0,1
7793253003616,LIMPIADOR POETT 1.8L PRIMAVERA                    ,2024-08-09,2024-08-15,2072.0,1
7793253003654,LIMPIADOR POETT 1.8L ALEGRA TU DIA                ,2024-08-02,2024-08-08,2072.0,1
7793253003654,LIMPIADOR POETT 1.8L ALEGRA TU DIA                ,2024-08-09,2024-08-15,2072.0,1
7793253003715,LAVANDINA AYUDIN TRIPLE PODER 1L.LAVANDA          ,2024-08-16,2024-08-22,1215.0,1
7793253003746,LAVANDINA AYUDIN TRIPLE PODER 1L.GLACIAR          ,2024-08-16,2024-08-22,1215.0,1
7793253003791,LAVANDINA EN GEL AYUDIN NUEVO700ORIGINAL          ,2024-08-23,2024-08-29,1971.0,1
7793253003807,LAVANDINA EN GEL AYUDIN NUEVO700CITRUS            ,2024-08-23,2024-08-29,1971.0,1
7793253003814,LAVANDINA EN GEL AYUDIN NUEVO700FLORAL            ,2024-08-23,2024-08-29,1971.0,1
7793253003821,LAVANDINA EN GEL AYUDIN NUEVO700MENTA             ,2024-08-23,2024-08-29,1971.0,1
7793253003838,LAVANDINA EN GEL AYUDIN NUEVO700LAVANDA           ,2024-08-23,2024-08-29,1971.0,1
7793253003951,LIMPIADOR POETT 1.8L ESPIRITU PLAY                ,2024-08-02,2024-08-08,2072.0,1
7793253003951,LIMPIADOR POETT 1.8L ESPIRITU PLAY                ,2024-08-09,2024-08-15,2072.0,1
7793253004231,AROMATIZANTE POETT 360ML LAVANDA                  ,2024-08-23,2024-08-29,1946.5,1
7793253004248,AROMATIZANTE POETT 360ML PRIMAVERA                ,2024-08-23,2024-08-29,1946.5,1
7793253004255,AROMATIZANTE POETT 360ML BEBE                     ,2024-08-23,2024-08-29,1946.5,1
7793253004262,AROMATIZANTE POETT 360ML ALGODON                  ,2024-08-23,2024-08-29,1946.5,1
7793253004279,AROMATIZANTE POETT 360ML SOLO PARA TI             ,2024-08-23,2024-08-29,1946.5,1
7793253004293,AROMATIZANTE POETT 360ML DESPERTAR DE ENERGIA     ,2024-08-23,2024-08-29,1946.5,1
7793253004309,AROMATIZANTE POETT 360ML MUSICA EN PRIMAVERA      ,2024-08-23,2024-08-29,1946.5,1
7793253004316,AROMATIZANTE POETT 360ML ALEGRA TU DIA            ,2024-08-23,2024-08-29,1946.5,1
7793253004323,AROMATIZANTE POETT 360ML ESPIRITU PLAY            ,2024-08-23,2024-08-29,1946.5,1
7793253004439,LAVANDINA AYUDIN CLASICA 1L                       ,2024-08-02,2024-08-08,926.5,1
7793253004439,LAVANDINA AYUDIN CLASICA 1L                       ,2024-08-09,2024-08-15,926.5,1
7793253004699,LIMPIADOR AYUDIN 900CC LAVANDA                    ,2024-08-23,2024-08-29,1440.75,1
7793253004705,LIMPIADOR AYUDIN 1.8L LAVANDA                     ,2024-08-16,2024-08-22,2620.0,1
7793253004729,LIMPIADOR AYUDIN 900CC MARINA                     ,2024-08-23,2024-08-29,1440.75,1
7793253004736,LIMPIADOR AYUDIN 1.8L MARINA                      ,2024-08-16,2024-08-22,2620.0,1
7793253004743,LIMPIADOR AYUDIN 900CC FLORAL                     ,2024-08-23,2024-08-29,1440.75,1
7793253004750,LIMPIADOR AYUDIN 1.8L FLORAL                      ,2024-08-16,2024-08-22,2620.0,1
7793253017194,LIMPIADOR POETT 1.8L BAMBU                        ,2024-08-09,2024-08-15,2072.0,1
7793253017224,LIMPIADOR POETT 1.8L SOLO P TI                    ,2024-08-02,2024-08-08,2072.0,1
7793253017224,LIMPIADOR POETT 1.8L SOLO P TI                    ,2024-08-09,2024-08-15,2072.0,1
7793706000278,PALITOS SALADOS JULICROC 150 G                    ,2024-08-09,2024-08-15,748.0,1
7793706000971,PALITOS DE MAIZ JULICROC 65G.                     ,2024-08-09,2024-08-15,539.75,1
7793890256604,MADALENAS VALENTE 180G.CHIPS DE CHOCOLATE         ,2024-08-06,2024-08-15,1360.0,1
7793913000504,ARROZ CON LECHE TREGAR LIGHT 180G.                ,2024-08-23,2024-08-27,598.0,1
7793913001662,ARROZ CON LECHE TREGAR CHOCOLATE 180G.            ,2024-08-23,2024-08-27,598.0,1
7793913001983,QUESO UNTABLE TREGAR 180G. CHEDDAR                ,2024-08-07,2024-08-15,1200.0,1
7794000002289,SALSA CICA 340G. PORTUGUESA                       ,2024-08-02,2024-08-08,540.0,1
7794000002296,SALSA CICA 340G. TUCO                             ,2024-08-02,2024-08-08,540.0,1
7794000004276,SOPA KNORR CASERA POLLO CON DEDALITOS INTEG.80G.  ,2024-08-23,2024-08-29,924.0,1
7794000004283,SOPA KNORR CASERA VEGET.+CAR.VERDES               ,2024-08-23,2024-08-29,924.0,1
7794000004290,SOPA KNORR CASERA VEGET.+MUNICIONES               ,2024-08-23,2024-08-29,924.0,1
7794000008915,ADEREZO HELLMANNS DP. 250G PICANTE                ,2024-08-23,2024-08-29,1499.0,1
7794000401372,MAYONESA HELLMANNS 1000 CC                        ,2024-08-16,2024-08-22,1912.0,1
7794000596726,SOPA KNORR CASERA POLLO C/CABELLO DE ANGEL        ,2024-08-23,2024-08-29,924.0,1
7794000596757,SOPA KNORR CASERA VEGET.+CAR.TR                   ,2024-08-23,2024-08-29,924.0,1
7794000596764,SOPA KNORR CASERA VEGET.+LETRAS                   ,2024-08-23,2024-08-29,924.0,1
7794000999534,SALSA CICA 340G. FILETTO                          ,2024-08-02,2024-08-08,540.0,1
7794000999541,SALSA CICA 340G. PIZZA                            ,2024-08-02,2024-08-08,540.0,1
7794000999558,SALSA CICA 340G. POMAROLA                         ,2024-08-02,2024-08-08,540.0,1
7794218000206,JABON TOCADOR P.PRECIO 3X90G. ROSAS               ,2024-08-23,2024-08-29,990.0,1
7794218000213,JABON TOCADOR P.PRECIO 3X90G. CITRICOS            ,2024-08-23,2024-08-29,990.0,1
7794218000220,JABON TOCADOR P.PRECIO 3X90G. JAZMINES            ,2024-08-23,2024-08-29,990.0,1
7794218106571,JABON TOCADOR P.PRECIO 3X90G. FLORAL              ,2024-08-23,2024-08-29,990.0,1
7794270000152,ARROZ BARBARA L.F.00000 1 KG.                     ,2024-08-23,2024-08-29,1600.0,1
7794270000534,BIZCOCHUELO BARBARA LIMON 450G.                   ,2024-08-16,2024-08-22,1280.0,1
7794270035444,BIZCOCHUELO BARBARA NARANJA 450GRS                ,2024-08-16,2024-08-22,1280.0,1
7794270035475,BIZCOCHUELO BARBARA VAINILLA 450GRS               ,2024-08-16,2024-08-22,1280.0,1
7794690000015,ALIMENTO CHOCOLATE QUILLA 900G                    ,2024-08-02,2024-08-10,4055.0,2
7794690000022,ALIMENTO CHOCOLATE QUILLA 450G                    ,2024-08-02,2024-08-10,2130.0,2
7794690000039,ALIMENTO CHOCOLATE QUILLA 200 GR                  ,2024-08-02,2024-08-10,1075.0,2
7795643020210,BIZCOCHITOS P.PRECIO 200G GRASA                   ,2024-08-02,2024-08-08,569.0,1
7795643020227,BIZCOCHITOS P.PRECIO 200G AZUCARADOS              ,2024-08-02,2024-08-08,569.0,1
7795711001042,RAVIOLES PRIMER PRECIO RICOTA 500                 ,2024-08-07,2024-08-08,1198.0,1
7795933204078,CHAMPIÑONES BAHIA ENTEROS  184 GRS.               ,2024-08-09,2024-08-15,1390.0,1
7797039901059,COCINA ORBIS BCA. MG 938BC3M                      ,2024-08-20,2024-08-31,671500.0,1
7797039901134,COCINA ORBIS GRAF.MG 938GP3M                      ,2024-08-20,2024-08-31,756500.0,1
7797039901486,ANAFE ORBIS 4H VITROCERAMICO EV4DEO               ,2024-08-20,2024-08-31,697500.0,1
7797039901639,HORNO ORBIS INOX/NGO MG. 960AP3M                  ,2024-08-20,2024-08-31,657000.0,1
7797443000027,PAN DE MIGA CRESPAN 310 GRS.                      ,2024-08-02,2024-08-08,1350.0,1
7797443000027,PAN DE MIGA CRESPAN 310 GRS.                      ,2024-08-09,2024-08-15,1350.0,1
7797599231832,COPOS DE MAIZ AZUCARADOS P.PRECIO 500G.           ,2024-08-09,2024-08-15,1998.0,1
7798000212655,VINO TINTO VIÑALBA MALBEC 750ML.                  ,2024-08-09,2024-08-10,3990.0,1
7798001560076,YOGHURT CREMIGAL 120G.ENTERO DURAZNO              ,2024-08-13,2024-08-21,298.0,1
7798001560335,YOGHURT CREMIGAL 120G.ENTERO FRUTAS TROPICALE     ,2024-08-15,2024-08-16,298.0,1
7798031150537,FIDEOS KNORR TIRABUZON 500G.                      ,2024-08-02,2024-08-08,1250.0,1
7798031150544,FIDEOS KNORR RIGATTI 500G.                        ,2024-08-02,2024-08-08,1250.0,1
7798031150568,FIDEOS KNORR CODITOS 500G.                        ,2024-08-02,2024-08-08,1250.0,1
7798031150582,FIDEOS KNORR SPAGHETTI 500G.                      ,2024-08-02,2024-08-08,1250.0,1
7798031150599,FIDEOS KNORR TALLARINES 500G.                     ,2024-08-02,2024-08-08,1250.0,1
7798031150605,FIDEOS KNORR FORATTI 500G.                        ,2024-08-02,2024-08-08,1250.0,1
7798031150896,FIDEOS KNORR MOSTACHOL 500G.                      ,2024-08-02,2024-08-08,1250.0,1
7798033620403,DULCE DE LECHE P. PRECIO 400G CLASICO             ,2024-08-02,2024-08-08,1495.0,1
7798035495290,TRAPO PISO P.PRECIO GRIS  50X52 100%ALGODON       ,2024-08-23,2024-08-29,590.0,1
7798039590151,VINO TINTO TRIBU MALBEC 750CC                     ,2024-08-02,2024-08-08,2776.0,1
7798039590182,VINO BLANCO TRIVENTO CHARDONNAY 750CC             ,2024-08-02,2024-08-08,4532.0,1
7798039590342,VINO TINTO TRIVENTO MALBEC 750CC                  ,2024-08-02,2024-08-08,4532.0,1
7798039590373,VINO TINTO TRIBU CAB-SAU 750CC                    ,2024-08-02,2024-08-08,2776.0,1
7798039591660,VINO TINTO TRIVENTO CAB-SAU 750CC                 ,2024-08-02,2024-08-08,4532.0,1
7798039594333,VINO ROSADO TRIVENTO ROSE MALBEC 750CC            ,2024-08-02,2024-08-08,4532.0,1
7798039599031,VINO BLANCO TRIBU DULCE 750CC                     ,2024-08-02,2024-08-08,2776.0,1
7798039599192,VINO BLANCO TRIVENTO MALBEC 750CC                 ,2024-08-02,2024-08-08,4532.0,1
7798039599246,VINO TINTO TRIVENTO RED BLEND 750CC MAXIMUM       ,2024-08-02,2024-08-08,4532.0,1
7798060853010,QUESO UNTABLE TONADITA 180G.AZUL                  ,2024-08-07,2024-08-12,900.0,1
7798065730323,"SIERRA DE LOS PADRES S/GAS  NARANJA 1,5L          ",2024-08-02,2024-08-03,880.0,1
7798065730323,"SIERRA DE LOS PADRES S/GAS  NARANJA 1,5L          ",2024-08-30,2024-08-31,880.0,1
7798065730347,"SIERRA DE LOS PADRES S/GAS POMELO 1,5L            ",2024-08-02,2024-08-03,880.0,1
7798065730347,"SIERRA DE LOS PADRES S/GAS POMELO 1,5L            ",2024-08-30,2024-08-31,880.0,1
7798065730361,"SIERRA DE LOS PADRES S/GAS MANZANA 1,5L           ",2024-08-02,2024-08-03,880.0,1
7798065730361,"SIERRA DE LOS PADRES S/GAS MANZANA 1,5L           ",2024-08-30,2024-08-31,880.0,1
7798065731924,"SIERRA DE LOS PADRES C/GAS CITRUS 1,5L            ",2024-08-02,2024-08-03,880.0,1
7798065731924,"SIERRA DE LOS PADRES C/GAS CITRUS 1,5L            ",2024-08-30,2024-08-31,880.0,1
7798065733706,"SIERRA DE LOS PADRES C/GAS TONICA 1,5L            ",2024-08-02,2024-08-03,880.0,1
7798065733706,"SIERRA DE LOS PADRES C/GAS TONICA 1,5L            ",2024-08-30,2024-08-31,880.0,1
7798065733744,"SIERRA DE LOS PADRES C/GAS POMELO 1,5L            ",2024-08-02,2024-08-03,880.0,1
7798065733744,"SIERRA DE LOS PADRES C/GAS POMELO 1,5L            ",2024-08-30,2024-08-31,880.0,1
7798065734512,"AGUA MINERAL S.DE LOS PADRES 6,25 LT.             ",2024-08-02,2024-08-03,2092.5,1
7798065734604,"SIERRA DE LOS PADRES S/GAS POMELO ROSADO 1,5L     ",2024-08-02,2024-08-03,880.0,1
7798065734604,"SIERRA DE LOS PADRES S/GAS POMELO ROSADO 1,5L     ",2024-08-30,2024-08-31,880.0,1
7798078001892,VINO TINTO 1492 MALBEC 750ML.                     ,2024-08-02,2024-08-03,3795.0,1
7798078001892,VINO TINTO 1492 MALBEC 750ML.                     ,2024-08-15,2024-08-16,3990.0,1
7798078003940,VINO TINTO JUAN CRISTOBAL MALBEC 750ML.           ,2024-08-09,2024-08-10,3990.0,1
7798078004022,VINO TINTO JUAN CRISTOBAL CABERNET 750ML.         ,2024-08-09,2024-08-10,3990.0,1
7798107412583,VINO TINTO ETNIA MALBEC 750CC                     ,2024-08-30,2024-08-31,2190.0,1
7798108830201,VINO TINTO CALLIA SYRAH 750 C.C.                  ,2024-08-15,2024-08-16,3390.0,1
7798108830218,VINO TINTO CALLIA SYRAH-MALBEC 750C               ,2024-08-15,2024-08-16,3390.0,1
7798108830232,VINO TINTO CALLIA SYRAH CABERNET750               ,2024-08-15,2024-08-16,3390.0,1
7798108830751,VINO TINTO CALLIA MALBEC 750CC                    ,2024-08-15,2024-08-16,3390.0,1
7798108833691,VINO ROSADO CALLIA ROSADO DE SYRAH 750CC          ,2024-08-15,2024-08-16,3390.0,1
7798108834070,VINO BLANCO CALLIA SAU-BLANC 750CC                ,2024-08-15,2024-08-16,3390.0,1
7798108834155,VINO BLANCO CALLIA TARDIO DULCE 750               ,2024-08-15,2024-08-16,3390.0,1
7798122380935,PREMEZCLA P/PAN NANI 500G.                        ,2024-08-23,2024-08-29,2850.0,1
7798125100424,HARINA DE LINO STURLA 250G                        ,2024-08-02,2024-08-08,1080.0,1
7798126072591,OBLEAS SINFONIA 100G NARANJA CHOCOLATE            ,2024-08-06,2024-08-30,390.0,1
7798130880632,PAPEL HIGIENICO P.PRECIO TEXT.HS 6X30MTS          ,2024-08-16,2024-08-22,1690.0,1
7798130889765,ROLLO COCINA PRIMER PRECIO 200 PAÑOS              ,2024-08-16,2024-08-22,1690.0,1
7798134780327,ENDULZANTE TRINI STEVIA LIQUIDA 100               ,2024-08-09,2024-08-15,1998.0,1
7798134781119,MANJAR DE LECHE TRINI 400 GRS.                    ,2024-08-02,2024-08-08,3998.0,1
7798134783175,PREMEZCLA SANA MUNDI 200G MEDALLON VEGETAL        ,2024-08-16,2024-08-22,1500.0,1
7798140400066,CONGELATA RAVIOLES VERDURA 500G.                  ,2024-08-16,2024-08-22,1800.0,1
7798140400097,RAVIOLES LA REINA CARNE-VERDURA 500               ,2024-08-07,2024-08-12,1600.0,1
7798140400134,RAVIOLES LA REINA JAMON Y QUESO 500               ,2024-08-07,2024-08-12,1600.0,1
7798140400189,RAVIOLES LA REINA CAPRESSES 4 PLANC               ,2024-08-07,2024-08-12,1600.0,1
7798140400257,CONGELATA RAVIOLES RICOTA 500G.                   ,2024-08-16,2024-08-22,1800.0,1
7798140400264,RAVIOLES LA REINA RICOTA/NUEZ 4PLAN               ,2024-08-07,2024-08-12,1600.0,1
7798140400301,RAVIOLES LA REINA 4 QUESOS 500 GRS.               ,2024-08-07,2024-08-12,1600.0,1
7798141970414,FIDEOS LA PROVIDENCIA MO/O 500G.                  ,2024-08-23,2024-08-29,1140.0,1
7798141971565,AZUCAR PRIMER PRECIO 1KG.                         ,2024-08-02,2024-08-08,798.0,1
7798141972388,GALLETITAS LA PROVIDENCIA 505G CRACKERS           ,2024-08-16,2024-08-22,1270.0,1
7798151770028,CREMA LECHE TREMBLAY 360G.                        ,2024-08-16,2024-08-19,1900.0,1
7798151770295,QUESO UNTABLE TREMBLAY 190G. AZUL                 ,2024-08-09,2024-08-15,1100.0,1
7798151770301,QUESO UNTABLE TREMBLAY 190G. JAMON                ,2024-08-09,2024-08-15,1100.0,1
7798151770325,QUESO UNTABLE TREMBLAY 190G. P.SALUT LIGHT        ,2024-08-09,2024-08-15,1100.0,1
7798151770332,QUESO UNTABLE TREMBLAY 190G. CHEDDAR              ,2024-08-09,2024-08-15,1100.0,1
7798151770349,QUESO UNTABLE TREMBLAY 190G. CLASICO              ,2024-08-09,2024-08-15,1100.0,1
7798151770899,QUESO UNTABLE TREMBLAY 190G. FINAS HIERBAS        ,2024-08-09,2024-08-15,1100.0,1
7798151770912,QUESO UNTABLE TREMBLAY 190G. SALAME               ,2024-08-09,2024-08-15,1100.0,1
7798153810500,ALIMENTO CHOCOLATE TODDY 360G. EXTREMO            ,2024-08-02,2024-08-08,1900.0,1
7798163520468,CERVEZA LESTER RICE SIN TACC 330CC                ,2024-08-02,2024-08-08,995.0,1
7798163520468,CERVEZA LESTER RICE SIN TACC 330CC                ,2024-08-09,2024-08-15,995.0,1
7798169800120,ALMOHADITAS P.PRECIO RELL.FRUTI.180               ,2024-08-09,2024-08-15,990.0,1
7798169800137,ALMOHADITAS P.PRECIO RELL.LIMON 180               ,2024-08-09,2024-08-15,990.0,1
7798169800144,ALMOHADITAS P.PRECIO RELL.CHOCO.180               ,2024-08-09,2024-08-15,990.0,1
7798169800922,ANILLOS DE CEREAL P.PRECIO 160G. FRUTA            ,2024-08-02,2024-08-08,645.0,1
7798169800922,ANILLOS DE CEREAL P.PRECIO 160G. FRUTA            ,2024-08-23,2024-08-29,690.0,1
7798169802506,ALMOHADITAS P.PRECIO RELL.AVELLANA 180G.          ,2024-08-09,2024-08-15,990.0,1
7798181510205,GALLETITAS SMAMS CRACKERS SIN SAL 150G.           ,2024-08-23,2024-08-29,1998.0,1
7798181510212,GALLETITAS SMAMS CRACKERS 150G.                   ,2024-08-23,2024-08-29,1998.0,1
7798184230766,PAÑUELOS PRIMER PRECIO FLOWPACK 50 UNID.          ,2024-08-02,2024-08-08,590.0,1
7798194820094,QUESO CREMA LA LECHERITA 300G.                    ,2024-08-07,2024-08-08,1500.0,1
7798195940128,CHALITAS VIAVITA 100G.CLASICAS                    ,2024-08-16,2024-08-22,1200.0,1
7798195940135,CHALITAS VIAVITA 100G.CHIMICHURRI                 ,2024-08-16,2024-08-22,1200.0,1
7798195940142,CHALITAS VIAVITA 100G.SEMILLAS                    ,2024-08-16,2024-08-22,1200.0,1
7798195940173,CHALITAS VIAVITA 100G.PARMESANO                   ,2024-08-16,2024-08-22,1200.0,1
7798195940180,CHALITAS VIAVITA 100G.JAMON                       ,2024-08-16,2024-08-22,1200.0,1
7798271870066,HARINA DE SORGO CELIDARINA 500G.                  ,2024-08-16,2024-08-22,2598.0,1
7798316700815,"ACEITE DE GIRASOL LEGITIMO 1,5L.                  ",2024-08-24,2024-08-29,2300.0,1
7798332890194,CONIX JULICROC 70G.                               ,2024-08-23,2024-08-29,926.5,1
7798332890316,CEREAL JULICROC ARITOS FRUTALES 150G.             ,2024-08-16,2024-08-22,675.75,1
7798332890323,CEREAL JULICROC BOLITAS CHOCOLATE 150G.           ,2024-08-16,2024-08-22,675.75,1
7798332890446,TORNIC JULICROC 65G.                              ,2024-08-23,2024-08-29,539.75,1
7798332890507,CEREAL JULICROC BEE CROC 120G                     ,2024-08-16,2024-08-22,675.75,1
7798333321925,BEBIDA BASE NUEZ PECAN PAMPA VIDA 1L. S/AZUCAR    ,2024-08-09,2024-08-15,2200.0,1
7798338291049,LECHE CON CACAO LAS 3 NIÑAS 1L.                   ,2024-08-23,2024-08-29,1492.5,1
7798338291070,CREMA LECHE LAS 3 NIÑAS 200ML.UAT COCINA          ,2024-08-02,2024-08-08,1325.0,1
7798353195278,VINO BLANCO CORDERO C/PIEL DE LOBO DULCE NAT.750ML,2024-08-30,2024-08-31,3590.0,1
7798422620090,BEBIDA ENERGIZANTE MONSTER ZERO 473ML.LATA        ,2024-08-15,2024-08-16,1436.0,1
7891150046481,JABON TOCADOR DOVE 3U.X90G. ORIGINAL              ,2024-08-02,2024-08-08,2995.0,1
7891150095700,JABON TOCADOR DOVE 3U.X90G. PIEL SENSIBLE         ,2024-08-02,2024-08-08,2995.0,1
9002490100070,ENERGIZANTE RED BULL 250 C.C.                     ,2024-08-09,2024-08-10,1998.0,1
