"codigo"|"descripcion"|"departamento"|"seccion"|"rubro"|"habil"
0|SIN GRUPO|0|3|1|S
0|SIN GRUPO|0|5|1|S
0|SIN GRUPO|0|7|2|S
0|SIN GRUPO|0|8|2|S
0|SIN GRUPO|0|28|6|S
0|SIN GRUPO|0|35|1|S
0|SIN GRUPO|0|48|4|S
0|SIN GRUPO|0|56|5|S
0|SIN GRUPO|0|96|5|S
0|SIN GRUPO|1|3|1|S
0|SIN GRUPO|1|5|1|S
0|SIN GRUPO|1|7|2|S
0|SIN GRUPO|1|8|2|S
0|SIN GRUPO|1|14|3|S
0|SIN GRUPO|1|35|1|S
0|SIN GRUPO|1|48|4|S
0|SIN GRUPO|2|3|1|S
0|SIN GRUPO|2|7|2|S
0|SIN GRUPO|2|8|2|S
0|SIN GRUPO|2|14|3|S
0|SIN GRUPO|2|35|1|S
0|SIN GRUPO|2|48|4|S
0|SIN GRUPO|3|3|1|S
0|SIN GRUPO|3|8|2|S
0|SIN GRUPO|3|14|3|S
0|SIN GRUPO|3|35|1|S
0|SIN GRUPO|3|48|4|S
0|SIN GRUPO|4|7|2|S
0|SIN GRUPO|4|8|2|S
0|SIN GRUPO|4|10|1|S
0|SIN GRUPO|4|14|3|S
0|SIN GRUPO|4|35|1|S
0|SIN GRUPO|4|48|4|S
0|SIN GRUPO|5|7|2|S
0|SIN GRUPO|5|8|2|S
0|SIN GRUPO|5|10|1|S
0|SIN GRUPO|5|14|3|S
0|SIN GRUPO|5|48|4|S
0|SIN GRUPO|6|5|1|S
0|SIN GRUPO|6|7|2|S
0|SIN GRUPO|6|8|2|S
0|SIN GRUPO|7|5|1|S
0|SIN GRUPO|7|7|2|S
0|SIN GRUPO|7|8|2|S
0|SIN GRUPO|7|14|3|S
0|SIN GRUPO|7|48|4|S
0|SIN GRUPO|8|5|1|S
0|SIN GRUPO|8|7|2|S
0|SIN GRUPO|8|8|2|S
0|SIN GRUPO|8|14|3|S
0|SIN GRUPO|8|48|4|S
0|SIN GRUPO|9|3|1|S
0|SIN GRUPO|9|7|2|S
0|GRUPO0|9|8|2|S
0|SIN GRUPO|9|48|4|S
0|SIN GRUPO|10|6|1|S
0|SIN GRUPO|10|7|2|S
0|SIN GRUPO|10|8|2|S
0|SIN GRUPO|10|48|4|S
0|SIN GRUPO|11|3|1|S
0|SIN GRUPO|11|7|2|S
0|SIN GRUPO|11|8|2|S
0|SIN GRUPO|11|14|3|S
0|SIN GRUPO|11|48|4|S
0|SIN GRUPO|12|3|1|S
0|SIN GRUPO|12|7|2|S
0|SIN GRUPO|12|8|2|S
0|SIN GRUPO|12|14|3|S
0|SIN GRUPO|12|48|4|S
0|SIN GRUPO|13|3|1|S
0|SIN GRUPO|13|7|2|S
0|SIN GRUPO|13|8|2|S
0|SIN GRUPO|13|48|4|S
0|SIN GRUPO|14|3|1|S
0|SIN GRUPO|14|7|2|S
0|SIN GRUPO|14|8|2|S
0|SIN GRUPO|15|7|2|S
0|SIN GRUPO|15|8|2|S
0|SIN GRUPO|15|10|1|S
0|SIN GRUPO|16|3|1|S
0|SIN GRUPO|16|8|2|S
0|SIN GRUPO|17|3|1|S
0|SIN GRUPO|17|7|2|S
0|SIN GRUPO|17|8|2|S
0|SIN GRUPO|18|5|1|S
0|SIN GRUPO|18|7|2|S
0|SIN GRUPO|18|8|2|S
0|SIN GRUPO|19|3|1|S
0|SIN GRUPO|19|7|2|S
0|SIN GRUPO|19|8|2|S
0|SIN GRUPO|19|10|1|S
0|SIN GRUPO|20|3|1|S
0|SIN GRUPO|20|7|2|S
0|SIN GRUPO|20|8|2|S
0|SIN GRUPO|21|7|2|S
0|SIN GRUPO|21|8|2|S
0|SIN GRUPO|21|10|1|S
0|SIN GRUPO|21|14|3|S
0|SIN GRUPO|22|3|1|S
0|SIN GRUPO|22|7|2|S
0|SIN GRUPO|22|8|2|S
0|SIN GRUPO|23|3|1|S
0|SIN GRUPO|23|8|2|S
0|SIN GRUPO|24|3|1|S
0|SIN GRUPO|24|7|2|S
0|SIN GRUPO|24|8|2|S
0|SIN GRUPO|25|3|1|S
0|SIN GRUPO|25|8|2|S
0|SIN GRUPO|26|3|1|S
0|SIN GRUPO|26|7|2|S
0|SIN GRUPO|26|8|2|S
0|SIN GRUPO|27|3|1|S
0|SIN GRUPO|27|7|2|S
0|SIN GRUPO|27|8|2|S
0|SIN GRUPO|28|3|1|S
0|SIN GRUPO|28|7|2|S
0|SIN GRUPO|29|7|2|S
0|SIN GRUPO|29|8|2|S
0|SIN GRUPO|30|3|1|S
0|SIN GRUPO|31|3|1|S
0|SIN GRUPO|32|3|1|S
0|SIN GRUPO|33|3|1|S
0|SIN GRUPO|33|7|2|S
0|GRUPO0|34|3|1|S
0|SIN GRUPO|34|7|2|S
0|SIN GRUPO|35|3|1|S
0|SIN GRUPO|35|5|1|S
0|SIN GRUPO|35|7|2|S
0|SIN GRUPO|36|7|2|S
0|SIN GRUPO|37|7|2|S
0|SIN GRUPO|38|7|2|S
0|SIN GRUPO|39|7|2|S
0|SIN GRUPO|41|7|2|S
1|VERIFICAR GRUPO 1|1|3|1|S
1|SIN GRUPO - 1|1|5|1|S
1|ALIMENTO VACUNO|1|14|3|S
1|DIESEL|1|48|4|S
1|GRUPO 1|1|96|5|S
1|VERIFICAR GRUPO 1|2|3|1|S
1|VERIFICAR GRUPO 1|2|8|2|S
1|SIN GRUPO - 1|2|14|3|S
1|ELAION|2|48|4|S
1|REDUCTOR EMISIONES|3|48|4|S
1|GRUPO1|4|1|1|S
1|GRUPO1|4|10|1|S
1|EMULSIONES|4|48|4|S
1|GRUPO1|5|1|1|S
1|HERBICIDAS|5|48|4|S
1|GRUPO 1|6|5|1|S
1|SIN GRUPO|6|48|4|S
1|GRUPO 1|7|5|1|S
1|BOLSA SILO|7|48|4|S
1|GRUPO 1|8|5|1|S
1|MAIZ|8|48|4|S
1|PERFUMES|9|3|1|S
1|SIN GRUPO - 1|9|5|1|S
1|SERVICIOS VARIOS|9|48|4|S
1|GRUPO 1|10|6|1|S
1|ALIMENTOS|10|48|4|S
1|GRUPO1|11|3|1|S
1|VERIFICAR GRUPO 1|11|7|2|S
1|FILTROS|11|48|4|S
1|GRUPO1|12|3|1|S
1|KG.HIERRO PLANCHUELA|12|8|2|S
1|EQUIPOS|12|14|3|S
1|GAS ENVASADO|12|48|4|S
1|GRUPO1|13|3|1|S
1|NAFTAS|13|48|4|S
1|GRUPO1|14|3|1|S
1|CORREAS|14|7|2|S
1|GRUPO1|16|3|1|S
1|GRUPO1|17|3|1|S
1|VERIFICAR GRUPO 1|17|7|2|S
1|GRUPO 1|18|5|1|S
1|GRUPO1|20|3|1|S
1|GRUPO1|26|3|1|S
1|SIN GRUPO|34|3|1|S
1|SIN GRUPO|35|3|1|S
1|MASCOTAS|35|5|1|S
1|SIN GRUPO - 41|41|7|2|S
2|ALIMENTO P/PERRO|1|14|3|S
2|NAFTA|1|48|4|S
2|ACEITUNAS|2|3|1|S
2|ELAION MOTO|2|48|4|S
2|PARAFINAS|3|48|4|S
2|INSECTICIDAS|5|48|4|S
2|VERIFICAR GRUPO 2|6|5|1|S
2|VERIFICAR GRUPO 2|7|5|1|S
2|VERIFICAR GRUPO 2|8|5|1|S
2|SOJA|8|48|4|S
2|ACEITUNAS|9|3|1|S
2|GRUPO 2|10|14|3|S
2|BEBIDA C/GAS|10|48|4|S
2|LAMPARAS|11|48|4|S
2|VERIFICAR GRUPO 2|12|3|1|S
2|KG.HIERRO ANGULO|12|8|2|S
2|VARILLAS|12|14|3|S
2|ART. PARA EL AGRO|12|48|4|S
2|ACEITUNAS|14|3|1|S
2|ABERTURAS PVC|17|8|2|S
2|ACEITUNAS|26|3|1|S
3|ALIMIENTO P/GATOS|1|14|3|S
3|OTROS|1|48|4|S
3|ACONDICIONADOR PISOS|2|3|1|S
3|ELAION NAUTICO|2|48|4|S
3|VERIFICAR GRUPO 3|3|3|1|S
3|OBSEQUIOS|3|48|4|S
3|FINGUICIDAS|5|48|4|S
3|GRUPO 3|6|5|1|S
3|GRUPO 3|8|5|1|S
3|SORGO|8|48|4|S
3|VERIFICAR GRUPO 3|9|3|1|S
3|GRUPO 3|10|6|1|S
3|BEBBIDAS C/ALCOHOL|10|48|4|S
3|ADITIVOS|11|48|4|S
3|VERIFICAR GRUPO 3|12|3|1|S
3|KG.HIERRO TE|12|8|2|S
3|HILOS|12|14|3|S
3|ACCESORIOS GALVANIZA|15|7|2|S
3|VERIFICAR GRUPO 3|18|7|2|S
3|SIN GRUPO - 3|21|14|3|S
4|VERIFICAR GRUPO 4|1|8|2|S
4|VERIFICAR GRUPO 4|2|3|1|S
4|VERIFICAR GRUPO 4|2|7|2|S
4|ANTIBIOTICOS|2|14|3|S
4|EXTRA VIDA|2|48|4|S
4|ENVASES|3|48|4|S
4|VERIFICAR GRUPO 4|4|10|1|S
4|VERIFICAR GRUPO 4|5|10|1|S
4|INOCULANTES|5|48|4|S
4|GRUPO4|6|5|1|S
4|VERIFICAR GRUPO 4|6|7|2|S
4|GRUPO4|7|5|1|S
4|GRUPO4|8|5|1|S
4|GRUPO4|9|3|1|S
4|LUBRIC.-ACEITES-GRASAS|9|7|2|S
4|JUGOS|10|48|4|S
4|NEUMATICOS|11|48|4|S
4|VERIFICAR GRUPO 4|12|3|1|S
4|KG.HIERRO -U-|12|8|2|S
4|AISLADORES|12|14|3|S
4|VERIFICAR GRUPO 4|15|10|1|S
4|VERIFICAR GRUPO 4|18|7|2|S
4|ESPECIES|33|3|1|S
4|SIN GRUPO - 4|41|7|2|S
5|INGRESE DESCRIPCION|1|14|3|S
5|UNILEVER DIA DE LA MADRE|2|3|1|S
5|ANTIPARASITARIO|2|14|3|S
5|MANTENIMIENTO|2|48|4|S
5|INGRESE DESCRIPCION|3|14|3|S
5|VERIFICAR GRUPO 5|5|10|1|S
5|SIN GRUPO - 5|5|14|3|S
5|GRUPO 5|6|5|1|S
5|UNILEVER DIA DE LA MADRE|9|3|1|S
5|TORNILLOS P/MADERA|10|7|2|S
5|AGUAS|10|48|4|S
5|GRUPO5|11|8|2|S
5|VARIOS REPUESTOS Y ACCE.|11|48|4|S
5|UNILEVER DIA DE LA MADRE|12|3|1|S
5|KG.HIERRO REDONDO|12|8|2|S
5|VERIFICAR GRUPO 5|13|7|2|S
5|AGUAS|17|3|1|S
6|ALCOHOL|2|3|1|S
6|MEDICAMENTOS VARIOS|2|14|3|S
6|INDST. PROCESOS|2|48|4|S
6|GRUPO 6|6|5|1|S
6|GRUPO 6|7|5|1|S
6|VERIFICAR GRUPO 6|9|3|1|S
6|VERIFICAR GRUPO|9|14|3|S
6|OTRAS BEBIDAS|10|48|4|S
6|VERIFICAR GRUPO 6|12|3|1|S
6|KG.HIERRO CUADRADO|12|8|2|S
6|SIN GRUPO - 6|21|14|3|S
6|VERIFICAR GRUPO 6|24|8|2|S
7|VERIFICAR GRUPO 7|2|3|1|S
7|SIN GRUPO - 7|2|14|3|S
7|TRANSMISION|2|48|4|S
7|VACUNAS P/VACUNOS|3|14|3|S
7|GRUPO 7|7|5|1|S
7|VERIFICAR GRUPO 7|9|3|1|S
7|POSTRE HELADOS|10|48|4|S
7|REP. MOTORES VILLA|11|7|2|S
7|KG.CA¤O LAMINADO|11|8|2|S
7|VERIFICAR GRUPO 7|12|8|2|S
7|SIN GRUPO - 7|12|14|3|S
7|VERIFICAR GRUPO 7|14|3|1|S
7|ALFAJORES|16|3|1|S
7|VERIFICAR GRUPO|21|14|3|S
7|VERIFICAR GRUPO 7|22|3|1|S
8|ALAMBRE GALVANIZADO|1|8|2|S
8|INGRESE DESCRIPCION|2|14|3|S
8|GRASAS|2|48|4|S
8|VACUNAS P/PERROS|3|14|3|S
8|CUBIERTAS AUTO/CAMIO|5|7|2|S
8|GRUPO 8|8|5|1|S
8|ALGODON|9|3|1|S
8|GOLOCONAS|10|48|4|S
8|GRUPO8|14|8|2|S
8|VERIFICAR GRUPO 8|19|8|2|S
8|GRUPO8|41|7|2|S
9|ALAMBRE PLASTICO|1|8|2|S
9|ALIMENTOS|2|3|1|S
9|BAJA GAMA|2|48|4|S
9|VACUNAS P/AVES|3|14|3|S
9|SIN GRUPO - 9|4|48|4|S
9|GRUPO 9|6|5|1|S
9|GRUPO 9|7|5|1|S
9|SIN GRUPO - 9|7|48|4|S
9|VERIFICAR GRUPO 9|9|3|1|S
9|CIGARILLOS|10|48|4|S
9|VERIFICAR GRUPO 9|11|3|1|S
9|SIN GRUPO - 9|21|14|3|S
9|SIN GRUPO - 9|35|3|1|S
10|GRUPO 10|1|7|2|S
10|ALMIDON|2|3|1|S
10|LIQUIDO FRENOS|2|48|4|S
10|VACUNAS P/EQUINOS|3|14|3|S
10|GRUPO 10|6|5|1|S
10|GRUPO 10|8|5|1|S
10|GRUPO 10|10|6|1|S
10|REGALOS|10|48|4|S
10|VERIFICAR GRUPO 10|12|3|1|S
10|SIN GRUPO - 10|21|14|3|S
10|BOMBA PRESIRIZADORA|24|8|2|S
11|GRUPO11|1|3|1|S
11|VERIFICAR GRUPO 11|1|8|2|S
11|REFRIGERANTE|2|48|4|S
11|RATICIDAS|4|14|3|S
11|VARIOS MINIMERCADO|10|48|4|S
11|VERIFICAR GRUPO 11|11|3|1|S
11|BARRAS DE HIERROS|12|8|2|S
11|ANANA FIZZ|17|3|1|S
12|VERIFICAR GRUPO 12|1|8|2|S
12|COMPLEMENTARIOS|2|48|4|S
12|INGRESE DESCRIPCION|3|14|3|S
12|HORMIGUICIDAS|4|14|3|S
12|CUBIERTAS CAMION|5|7|2|S
12|CHAPA NEGRA|8|8|2|S
12|VERIFICAR GRUPO 12|12|3|1|S
12|APERITIVOS|17|3|1|S
13|ARROZ|2|3|1|S
13|CUIDADO AUTOMOTOR|2|48|4|S
13|PLAGUICIDAS P/MOSCAS|4|14|3|S
13|CUBIERTAS AGRICOLAS|5|7|2|S
13|CHAPAS TRAPEZOIDALES|8|8|2|S
13|VERIFICAR GRUPO 13|13|3|1|S
13|SIN GRUPO - 13|41|7|2|S
14|SIN GRUPO - 14|1|14|3|S
14|VERIFICAR GRUPO 14|2|3|1|S
14|SIN GRUPO  - 14|2|14|3|S
14|AGRICOLAS|2|48|4|S
14|INSECTICIDAS|4|14|3|S
14|CAMARAS Y PROTECTORE|5|7|2|S
14|VERIFICAR GRUPO|7|14|3|S
14|CHAPA GALVANIZADA|8|8|2|S
14|VERIFICAR GRUPO 14|14|3|1|S
14|SIN GRUPO - 14|21|14|3|S
14|LEGUMBRES|25|3|1|S
14|SIN GRUPO - 14|41|7|2|S
15|ATUN|2|3|1|S
15|PRENDAS|5|14|3|S
15|CHAPA ASFALTICA|8|8|2|S
15|SIN GRUPO - 15|8|14|3|S
15|GRUPO 15|10|6|1|S
15|VERIFICAR GRUPO 15|13|8|2|S
15|VERIFICAR GRUPO 15|15|10|1|S
15|GRUPO15|16|3|1|S
15|SIN GRUPO - 15|21|14|3|S
16|AVENA|2|3|1|S
16|CALZADOS|5|14|3|S
16|GRUPO 16|6|5|1|S
16|VERIFICAR GRUPO 16|7|7|2|S
16|GRUPO 16|8|5|1|S
16|CEMENTOS                 |10|8|2|S
16|VERIFICAR GRUPO 16|16|3|1|S
16|VERIFICAR GRUPO 16|18|7|2|S
16|BOCALLAVES Y ACCESORIOS|20|7|2|S
16|VERIFICAR GRUPO 16|27|8|2|S
17|MALLA SIMA|1|8|2|S
17|BIZCOCHOS|2|3|1|S
17|SEMILLAS DE JARDIN|6|14|3|S
17|REP./ACCE. BOMBEADOR|11|7|2|S
17|VERIFICAR GRUPO 17|13|3|1|S
17|VERIFICAR GRUPO 17|14|3|1|S
17|VERIFICAR GRUPO 17|17|3|1|S
17|VERIFICAR GRUPO 17|17|7|2|S
17|VERIFICAR GRUPO 17|17|8|2|S
17|VERIFICAR GRUPO 17|18|7|2|S
17|GRUPO17|26|8|2|S
18|BIZCOCHUELOS|2|3|1|S
18|GRUPO18|3|8|2|S
18|VERIFICAR GRUPO 18|4|8|2|S
18|GRUPO 18|6|5|1|S
18|SEMILLAS DE HUERTA|6|14|3|S
18|CADENAS RODILLO/ACCE|10|7|2|S
18|VERIFICAR GRUPO 18|11|8|2|S
18|VERIFICAR GRUPO 18|13|8|2|S
18|VERIFICAR GRUPO 18|14|3|1|S
18|VERIFICAR GRUPO 18|14|8|2|S
18|VERIFICAR GRUPO 18|17|7|2|S
18|GRUPO 18|18|5|1|S
18|CAÑOS GALVANIZADOS|20|8|2|S
19|VERIFICAR GRUPO 19|1|8|2|S
19|VERIFICAR GRUPO 19|2|3|1|S
19|GRUPO 19|6|5|1|S
19|JERINGAS|7|14|3|S
19|GRUPO 19|8|5|1|S
19|VERIFICAR GRUPO 19|11|8|2|S
19|VERIFICAR GRUPO 19|13|8|2|S
19|BOMBONES|16|3|1|S
19|SIN GRUPO|19|3|1|S
19|VERIFICAR GRUPO 19|19|10|1|S
19|CAÑO NEGRO|20|8|2|S
19|VERIFICAR GRUPO 19|22|3|1|S
20|GRUPO 20|6|5|1|S
20|GRUPO 20|7|5|1|S
20|AGUJAS|7|14|3|S
20|GRUPO 20|8|5|1|S
20|GRUPO 20|10|7|2|S
20|BROCHES|12|3|1|S
20|VERIFICAR GRUPO 20|19|8|2|S
20|VERIFICAR GRUPO 20|20|3|1|S
20|ELECTRODO|23|8|2|S
21|CEREAL|2|3|1|S
21|SIN GRUPO - 21|5|14|3|S
21|SEÑALADORES|7|14|3|S
21|GRUPO 21|8|5|1|S
21|SIN GRUPO - 21|11|14|3|S
21|VERIFICAR GRUPO 21|16|3|1|S
21|VERIFICAR GRUPO 21|17|3|1|S
21|VERIFICAR GRUPO 21|22|3|1|S
22|CABALLA|2|3|1|S
22|PINZAS|7|14|3|S
22|VERIFICAR GRUPO 22|22|3|1|S
22|VERIFICAR GRUPO 22|23|3|1|S
22|VIDRIOS.|23|8|2|S
23|SIN GRUPO - 23|1|14|3|S
23|CAFE|2|3|1|S
23|SIN GRUPO - 23|2|14|3|S
23|GRUPO 23|6|5|1|S
23|TENAZAS-TIJERAS|7|7|2|S
23|TALABARTERIA CUEROS|8|14|3|S
23|GRUPO 23|10|6|1|S
23|VERIFICAR GRUPO 23|11|7|2|S
23|VERIFICAR GRUPO 23|12|3|1|S
23|VERIFICAR GRUPO 23|19|7|2|S
23|VERIFICAR GRUPO 23|20|3|1|S
23|MADERA MACHIMBRE|22|8|2|S
23|VERIFICAR GRUPO 23|29|7|2|S
23|SIN GRUPO - 23|41|7|2|S
24|CALDOS|2|3|1|S
24|VERIFICAR GRUPO 24|8|7|2|S
24| TALABARTERIA  SINTETICOS|8|14|3|S
24|VERIFICAR GRUPO 24|17|7|2|S
24|VERIFICAR GRUPO 24|27|3|1|S
24|MOTORES EXPL/MOTOBOM|27|7|2|S
25|SIN GRUPO|2|3|1|S
25|CIELORRASOS PVC|2|8|2|S
25|VERIFICAR GRUPO 25|6|8|2|S
25|TALABRTERIA FREREOS|8|14|3|S
25|VERIFICAR GRUPO 25|9|3|1|S
25|VERIFICAR GRUPO 25|12|3|1|S
25|CABLE SUBTERRANEO|13|7|2|S
25|VERIFICAR GRUPO 25|13|8|2|S
25|GOLOSINAS|16|3|1|S
25|VERIFICAR GRUPO 25|16|8|2|S
25|VERIFICAR GRUPO 25|22|3|1|S
25|VERIFICAR GRUPO 25|25|8|2|S
25|VERIFICAR GRUPO 25|27|3|1|S
26|GRUPO 26|7|5|1|S
26|VERIFICAR GRUPO 26|9|3|1|S
26|ARTICULOS DE LIMPIEZ|9|14|3|S
26|VERIFICAR GRUPO 26|11|7|2|S
26|CEPILLO|12|3|1|S
26|CABLES BIPOLARES/ENV|13|7|2|S
26|VERIFICAR GRUPO 26|17|7|2|S
26|GRUPO26|17|8|2|S
26|ABERTURAS ALUMINIO|18|8|2|S
26|VERIFICAR GRUPO 26|20|7|2|S
26|VERIFICAR GRUPO 26|21|8|2|S
26|VERIFICAR GRUPO 26|26|3|1|S
26|SIN GRUPO - 26|41|7|2|S
27|VERIFICAR GRUPO 27|4|7|2|S
27|GRUPO 27|6|5|1|S
27|TAMBO VARIOS|9|14|3|S
27|VERIFICAR GRUPO 27|11|7|2|S
27|CERA LIQUIDA|12|3|1|S
27|VERIFICAR GRUPO 27|13|7|2|S
27|GRUPO27|17|8|2|S
27|ABERTURAS CHAPA|18|8|2|S
27|VERIFICAR GRUPO 27|20|7|2|S
27|SIN GRUPO - 27|21|14|3|S
27|ARTS. COMPUTACION|24|7|2|S
27|VERIFICAR GRUPO 27|26|7|2|S
28|CEREZAS|2|3|1|S
28|VERIFICAR GRUPO 28|2|8|2|S
28|VERIFICAR GRUPO 28|3|3|1|S
28|ACC.FUSION|3|8|2|S
28|FERTILIZANTE|6|14|3|S
28|MECHAS ACERO RAPIDO|7|7|2|S
28|GRUPO 28|8|5|1|S
28|VERIFICAR GRUPO 28|17|3|1|S
28|GRUPO28|17|8|2|S
28|VERIFICAR GRUPO 28|18|8|2|S
28|VERIFICAR GRUPO 28|25|8|2|S
29|SIN GRUPO - 29|1|14|3|S
29|VERIFICAR GRUPO 29|2|3|1|S
29|VERIFICAR GRUPO 29|2|8|2|S
29|VITAMINICOS|2|14|3|S
29|VERIFICAR GRUPO 29|4|8|2|S
29|INGRESE DESCRIPCION|4|14|3|S
29|GRUPO 29|6|5|1|S
29|VERIFICAR GRUPO|7|14|3|S
29|VERIFICAR GRUPO 29|10|8|2|S
29|SIN GRUPO  - 29|12|14|3|S
29|CABLES UNIPOLARES|13|7|2|S
29|VERIFICAR GRUPO 29|13|8|2|S
29|VERIFICAR GRUPO 29|16|3|1|S
29|CAMARA INSP.|16|8|2|S
29|CERVEZA|17|3|1|S
30|PULGAS|0|14|3|S
30|INGRESE DESCRIPCION|4|14|3|S
30|GRUPO 30|6|5|1|S
30|MECHAS/ACCESORIO SDS|7|7|2|S
30|GRUPO 30|10|6|1|S
30|CHAMPAGNE|17|3|1|S
30|HIDROFUGOS Y OTROS|21|8|2|S
30|VERIFICAR GRUPO 30|28|7|2|S
30|VERIFICAR GRUPO 30|30|3|1|S
31|ARGOLLAS|0|14|3|S
31|CHAMPIÑONES|2|3|1|S
31|SIN GRUPO - 31|2|14|3|S
31|VERIFICAR GRUPO 31|4|7|2|S
31|GRUPO 31|6|5|1|S
31|SIN GRUPO|7|14|3|S
31|VERIFICAR GRUPO|8|14|3|S
31|GRUPO 31|10|6|1|S
31|LAMPARAS|13|7|2|S
31|VERIFICAR GRUPO 31|15|10|1|S
31|VERIFICAR GRUPO 31|31|3|1|S
31|SIN GRUPO - 31|41|7|2|S
32|BABOSA Y CARARACOL|0|14|3|S
32|VERIFICAR GRUPO 32|2|3|1|S
32|VERIFICAR GRUPO 32|2|8|2|S
32|SIN GRUPO - 32|2|14|3|S
32|INGRESE DESCRIPCION|4|14|3|S
32|GRUPO 32|6|5|1|S
32|VERIFICAR GRUPO 32|7|7|2|S
32|GRUPO 32|8|5|1|S
32|VERIFICAR GRUPO 32|12|7|2|S
32|BASES-FICHAS-LLAVES|13|7|2|S
32|VERIFICAR GRUPO 32|14|8|2|S
32|CHICLES|16|3|1|S
32|TANQUES|16|8|2|S
32|VERIFICAR GRUPO 32|17|7|2|S
32|VERIFICAR GRUPO 32|22|3|1|S
33|HERBICIDAS|0|14|3|S
33|CHOCLO|2|3|1|S
33|INGRESE DESCRIPCION|6|14|3|S
33|VERIFICAR GRUPO 33|12|7|2|S
33|CAPACIT.-CONTACT-TERMICAS|13|7|2|S
34|CADENAS|0|14|3|S
34|VERIFICAR GRUPO 34|2|3|1|S
34|CAÑOS NEGROS|3|8|2|S
34|VERIFICAR GRUPO 34|4|7|2|S
34|GRUPO 34|6|5|1|S
34|GRUPO 34|7|5|1|S
34|VERIFICAR GRUPO 34|7|7|2|S
34|VERIFICAR GRUPO|8|14|3|S
34|GRUPO 34|10|6|1|S
34|VERIFICAR GRUPO 34|11|7|2|S
34|VERIFICAR GRUPO 34|11|8|2|S
34|CAJAS-GABINETES-CA¥OS|13|7|2|S
34|CHOCOLATE|16|3|1|S
34|VERIFICAR GRUPO 34|20|7|2|S
34|VERIFICAR GRUPO 34|22|3|1|S
34|VERIFICAR GRUPO 34|27|3|1|S
35|CARAVANAS|0|14|3|S
35|GRUPO35|3|8|2|S
35|CAÑOS POLIETILENO|4|8|2|S
35|GRUPO 35|6|5|1|S
35|VERIFICAR GRUPO 35|6|7|2|S
35|CAJA HERRAMIENTAS-VARIOS|7|7|2|S
35|VERIFICAR GRUPO|7|14|3|S
35|VERIFICAR GRUPO 35|8|7|2|S
35|VERIFICAR GRUPO 35|13|7|2|S
35|CHUPETIN|16|3|1|S
35|VERIFICAR GRUPO 35|17|7|2|S
36|SIN GRUPO - 36|1|14|3|S
36|COCTEL DE FRUTAS|2|3|1|S
36|SIN GRUPO - 36|2|14|3|S
36|VERIFICAR GRUPO 36|3|3|1|S
36|GRUPO36|3|8|2|S
36|CAÑOS POLIPROPILENO|4|8|2|S
36|GRUPO 36|6|5|1|S
36|INGRESE DESCRIPCION|6|14|3|S
36|VERIFICAR GRUPO|7|14|3|S
36|GRUPO 36|10|6|1|S
36|SIN GRUPO - 36|11|14|3|S
36|VERIFICAR GRUPO 36|12|3|1|S
36|GRUPO 36|12|14|3|S
36|VERIFICAR GRUPO 36|14|8|2|S
36|ACCESORIOS|21|14|3|S
37|TALABARTERIA VARIOS|0|14|3|S
37|SIN GRUPO|2|3|1|S
37|CAÑOS PVC|2|8|2|S
37|SIN GRUPO - 37|2|14|3|S
37|VERIFICAR GRUPO 37|3|8|2|S
37|SIN GRUPO - 37|5|14|3|S
37|SIN GRUPO|7|14|3|S
37|VERIFICAR GRUPO|8|14|3|S
37|CONFITES|16|3|1|S
38|INGRESE DESCRIPCION|1|14|3|S
38|SIN GRUPO - 38|2|14|3|S
38|TRICICLOS|4|7|2|S
38|INGRESE DESCRIPCION|5|14|3|S
38|GRUPO 38|6|5|1|S
38|GRUPO 38|7|5|1|S
38|SIN GRUPO - 38|7|14|3|S
38|GRUPO 38|8|5|1|S
38|CREMA DE AFEITAR|9|3|1|S
38|NUTRILAR|10|14|3|S
38|SIN GRUPO|11|14|3|S
38|CAÑOS EPOXI|15|8|2|S
39|ALIMENTOS VARIOS|1|14|3|S
39|ACCESORIO P.V.C.|2|8|2|S
39|VERIFICAR GRUPO 39|3|8|2|S
39|VERIFICAR GRUPO 39|5|7|2|S
39|GRUPO 39|6|5|1|S
39|CREMA DENTAL|9|3|1|S
39|CAMARAS BICICLETAS-MOTOS|10|7|2|S
39|SIN GRUPO - 39|21|14|3|S
40|VERIFICAR GRUPO 40|3|3|1|S
40|VERIFICAR GRUPO 40|5|7|2|S
40|VERIFICAR GRUPO 40|5|10|1|S
40|GRUPO 40|6|5|1|S
40|GRUPO 40|8|5|1|S
40|VERIFICAR GRUPO 40|8|8|2|S
40|CREMA ENJ.|9|3|1|S
40|GRUPO 40|10|6|1|S
40|CUBIERTAS BICICL.-MOTOS|10|7|2|S
40|VERIFICAR GRUPO 40|11|7|2|S
40|VERIFICAR GRUPO 40|13|8|2|S
40|VERIFICAR GRUPO 40|14|8|2|S
40|BEBEDERO DE CEMENTO|16|8|2|S
40|VERIFICAR GRUPO 40|25|8|2|S
41|VERIFICAR GRUPO 41|2|3|1|S
41|GRUPO 41|6|5|1|S
41|REFRACTARIOS.|6|8|2|S
41|PINZAS-ALICATES|7|7|2|S
41|GRUPO 41|8|5|1|S
41|DESODORANTE AMB.|12|3|1|S
41|VERIFICAR GRUPO 41|13|7|2|S
41|SIN GRUPO - 41|41|7|2|S
42|GRUPO42|3|8|2|S
42|ACCESORIOS P/TERMOFUSION|4|8|2|S
42|GRUPO 42|6|5|1|S
42|MARTILLOS|7|7|2|S
42|VERIFICAR GRUPO 42|11|7|2|S
42|DESODORANTE INOD.|12|3|1|S
42|VERIFICAR GRUPO 42|12|8|2|S
42|VERIFICAR GRUPO 42|25|8|2|S
43|VERIFICAR GRUPO 43|2|3|1|S
43|VERIFICAR GRUPO 43|2|8|2|S
43|GRUPO 43|6|5|1|S
43|DESTORNILLADORES|7|7|2|S
43|GRUPO 43|8|5|1|S
43|LAVAVAJILLAS|12|3|1|S
43|VERIFICAR GRUPO 43|13|7|2|S
43|AGROPOLES|14|8|2|S
43|VERIFICAR GRUPO 43|28|7|2|S
43|SIN GRUPO - 43|41|7|2|S
44|DISCOS DE EMPANADAS|2|3|1|S
44|VERIFICAR GRUPO 44|11|7|2|S
44|CANALETAS Y ACC.DE CHAPA|13|8|2|S
44|CANDADOS|20|7|2|S
45|DULCE EN BARRA|2|3|1|S
45|CANALETA Y ACC.P.V.C.|2|8|2|S
45|VERIFICAR GRUPO 45|3|3|1|S
45|GRUPO 45|6|5|1|S
45|LIMAS-ESCOFINAS|7|7|2|S
45|GRUPO 45|8|5|1|S
45|VERIFICAR GRUPO 45|13|8|2|S
45|VERIFICAR GRUPO 45|15|10|1|S
45|GRUPO 45|18|5|1|S
45|VERIFICAR GRUPO 45|26|3|1|S
46|DURAZNO NATURAL|2|3|1|S
46|GRUPO 46|6|5|1|S
46|GRUPO 46|10|6|1|S
47|DULCE DE LECHE|2|3|1|S
47|VERIFICAR GRUPO 47|6|7|2|S
47|TEJA VITRIFICADA|6|8|2|S
47|CUCHILLOS/CORTAP/TRI|7|7|2|S
47|VERIFICAR GRUPO 47|8|8|2|S
47|VERIFICAR GRUPO 47|11|3|1|S
47|VERIFICAR GRUPO 47|11|7|2|S
47|VERIFICAR GRUPO 47|16|8|2|S
47|VERIFICAR GRUPO 47|21|8|2|S
48|CONDIMENTO|2|3|1|S
48|GRUPO 48|7|5|1|S
48|VERIFICAR GRUPO 48|14|8|2|S
48|VARILLA P/ALAMBRADO|22|8|2|S
49|TEJIDOS ROMBOIDALES|1|8|2|S
49|REFRIGERADOS CD|2|3|1|S
49|VERIFICAR GRUPO 49|3|3|1|S
49|VERIFICAR GRUPO 49|5|10|1|S
49|BOLILLEROS|10|7|2|S
49|VERIFICAR GRUPO 49|11|3|1|S
49|VERIFICAR GRUPO 49|11|7|2|S
49|VERIFICAR GRUPO 49|14|8|2|S
49|VERIFICAR GRUPO 49|16|8|2|S
49|SIN GRUPO|19|3|1|S
49|VERIFICAR GRUPO 49|19|10|1|S
49|VERIFICAR GRUPO 49|20|3|1|S
49|VERIFICAR GRUPO 49|26|3|1|S
50|ENDULZANTE|2|3|1|S
50|GRUPO50|10|6|1|S
51|TEJIDOS ARTISTICOS|1|8|2|S
51|ESCARBADIENTES|2|3|1|S
51|VERIFICAR GRUPO 51|2|8|2|S
51|FILTROS|9|7|2|S
51|VERIFICAR GRUPO 51|11|7|2|S
51|VERIFICAR GRUPO 51|12|3|1|S
51|VERIFICAR GRUPO 51|14|8|2|S
51|VERIFICAR GRUPO 51|18|7|2|S
52|GRUPO52|3|8|2|S
52|ESPIGAS|4|8|2|S
52|ESCOBA|12|3|1|S
53|VERIFICAR GRUPO 53|3|3|1|S
53|PINTURAS EN AEROSOL|6|7|2|S
53|REFRACTARIOS|6|8|2|S
53|VERIFICAR GRUPO 53|7|7|2|S
53|ESCOBILLON|12|3|1|S
53|SIN GRUPO - 53|41|7|2|S
54|VERIFICAR GRUPO 54|1|8|2|S
54|ESPARRAGOS|2|3|1|S
54|GRUPO54|4|7|2|S
54|GAS.|7|8|2|S
55|CLAVOS.|1|8|2|S
55|GRUPO55|10|6|1|S
55|BULONES|10|7|2|S
55|VERIFICAR GRUPO 55|11|7|2|S
55|ESPIRALES|12|3|1|S
55|VERIFICAR GRUPO 55|19|8|2|S
56|GRUPO 56|6|5|1|S
56|VERIFICAR GRUPO 56|9|3|1|S
56|PRISIONEROS|10|7|2|S
56|ESPONJAS|12|3|1|S
57|GRUPO 57|6|5|1|S
57|ESPUMA AFEITAR|9|3|1|S
57|GRUPO 57|10|6|1|S
57|TIRAFONDO CAB.EXAGONAL|10|7|2|S
58|EXTRACTOS|2|3|1|S
58|TORNILLO CAB.TANQUE|10|7|2|S
59|SALCHICHAS|2|3|1|S
59|ARANDELAS PLANAS/GRO|10|7|2|S
60|FIBRITAS|2|3|1|S
60|GRUPO 60|6|5|1|S
60|VARILLAS ROSCADAS|10|7|2|S
60|VERIFICAR GRUPO 60|13|7|2|S
60|PUERTA PLACA Y PLEGADIZA|17|8|2|S
60|VERIFICAR GRUPO 60|24|8|2|S
61|FIDEOS|2|3|1|S
61|GRUPO 61|6|5|1|S
62|FIJADOR|9|3|1|S
63|FILET DE ANCHOAS|2|3|1|S
63|GRUPO 63|6|5|1|S
63|PINTURAS LATEX/ACCES|6|7|2|S
63|VERIFICAR GRUPO 63|7|8|2|S
63|GRIFERIA.|24|8|2|S
63|VERIFICAR GRUPO 63|25|8|2|S
63|SIN GRUPO - 63|41|7|2|S
63|GRIFERIAS|44|8|2|S
64|FLAN|2|3|1|S
64|GRUPO 64|6|5|1|S
64|PINTURAS SINTET/ACCE|6|7|2|S
64|GRUPO 64|10|6|1|S
64|VERIFICAR GRUPO 64|11|3|1|S
64|VANITORY.|24|8|2|S
64|VERIFICAR GRUPO 64|25|8|2|S
64|VERIFICAR GRUPO 64|26|8|2|S
65|VERIFICAR GRUPO 65|3|3|1|S
65|ANTIOXIDOS-CONVERTIDORES|6|7|2|S
65|GRUPO 65|10|6|1|S
65|FLUIDO|12|3|1|S
65|VERIFICAR GRUPO 65|16|8|2|S
65|ARTS. DE LOZA|24|8|2|S
65|VERIFICAR GRUPO 65|25|8|2|S
66|VERIFICAR GRUPO 66|2|3|1|S
66|GRUPO 66|6|5|1|S
66|BARNICES Y ACCESORIO|6|7|2|S
66|GRUPO 66|10|6|1|S
66|PASTINA|10|8|2|S
66|FOSFOROS|12|3|1|S
66|VERIFICAR GRUPO 66|25|8|2|S
67|GRUPO 67|6|5|1|S
67|ENDUIDOS|6|7|2|S
67|GRUPO 67|7|5|1|S
67|GRUPO 67|8|5|1|S
67|FRANELA|12|3|1|S
67|GRUPO 67|18|5|1|S
67|VERIFICAR GRUPO 67|23|8|2|S
67|PISOS.|25|8|2|S
68|VERIFICAR GRUPO 68|2|8|2|S
68|GRUPO 68|6|5|1|S
68|VERIFICAR GRUPO 68|7|8|2|S
68|FRESA FIZZ|17|3|1|S
68|VERIFICAR GRUPO 68|24|8|2|S
68|REVESTIMIENTOS.|25|8|2|S
69|FRUTILLAS ALMIBAR|2|3|1|S
69|GRUPO 69|6|5|1|S
69|MECHAS MADERA/BARREN|7|7|2|S
69|GRUPO 69|8|5|1|S
69|GRUPO 69|18|5|1|S
69|VERIFICAR GRUPO 69|18|7|2|S
69|ASIENTOS P/INODOROS.|24|8|2|S
70|GALLETAS|2|3|1|S
70|VERIFICAR GRUPO 70|4|7|2|S
70|GRUPO 70|6|5|1|S
70|VERIFICAR GRUPO 70|10|7|2|S
70|BALDES/FUENTONES GAL|19|7|2|S
70|BOTIQUINES-ESPEJOS|24|8|2|S
71|GALLETITAS|2|3|1|S
71|GRUPO 71|6|5|1|S
71|GRUPO 71|7|5|1|S
71|GRUPO 71|8|5|1|S
71|VERIFICAR GRUPO 71|9|3|1|S
71|VERIFICAR GRUPO 71|14|3|1|S
71|VERIFICAR GRUPO 71|16|3|1|S
71|VERIFICAR GRUPO 71|17|3|1|S
71|MOLDURAS|21|8|2|S
71|VERIFICAR GRUPO 71|24|8|2|S
71|VERIFICAR GRUPO 71|25|8|2|S
72|VERIFICAR GRUPO 72|2|3|1|S
72|GRUPO 72|6|5|1|S
72|GRUPO 72|7|5|1|S
72|VERIFICAR GRUPO 72|7|7|2|S
72|GARAPIÑADAS|16|3|1|S
72|PALAS/HORQUI/GUADANA|19|7|2|S
73|CARNE VACUNA|2|3|1|S
73|VERIFICAR GRUPO 73|4|7|2|S
73|GRUPO 73|4|10|1|S
73|VERIFICAR GRUPO 73|5|10|1|S
73|GRUPO 73|6|5|1|S
73|VERIFICAR GRUPO 73|7|7|2|S
73|GRUPO 73|8|5|1|S
73|ELECTRODOS/ESTA./ACC|10|7|2|S
73|VERIFICAR GRUPO 73|11|7|2|S
73|VERIFICAR GRUPO 73|15|10|1|S
73|VERIFICAR GRUPO 73|18|7|2|S
74|VERIFICAR GRUPO 74|2|3|1|S
74|VERIFICAR GRUPO 74|2|8|2|S
74|GRUPO74|3|8|2|S
74|VERIFICAR GRUPO 74|4|8|2|S
74|VERIFICAR GRUPO 74|6|7|2|S
74|GRUPO 74|10|6|1|S
74|REMACHES|10|7|2|S
74|VERIFICAR GRUPO 74|11|7|2|S
74|VERIFICAR GRUPO 74|16|3|1|S
74|GASEOSAS|17|3|1|S
74|SELLADOR Y PINT.ASFALTICA|21|8|2|S
75|VERIFICAR GRUPO 75|1|8|2|S
75|GEL|9|3|1|S
75|REP. CALENTADOR|11|7|2|S
75|KG.HO.DOBLE TE|12|8|2|S
75|VERIFICAR GRUPO 75|18|7|2|S
76|GELATINA|1|3|1|S
76|VERIFICAR GRUPO 76|2|3|1|S
76|GRUPO 76|8|5|1|S
76|TEJIDOS MOSQUITEROS|10|7|2|S
76|VERIFICAR GRUPO 76|17|3|1|S
77|GRUPO 77|8|5|1|S
77|VERIFICAR GRUPO 77|16|8|2|S
77|GIN|17|3|1|S
77|MANTA MEMBRANA|21|8|2|S
78|VERIFICAR GRUPO 78|2|8|2|S
78|VERIFICAR GRUPO 78|4|7|2|S
78|VERIFICAR GRUPO 78|7|7|2|S
78|CADENAS/ACCESORIOS|10|7|2|S
78|PILETAS|16|8|2|S
78|GINEBRA|17|3|1|S
78|VERIFICAR GRUPO 78|17|7|2|S
78|VERIFICAR GRUPO 78|20|7|2|S
78|VERIFICAR GRUPO 78|24|8|2|S
79|GRAPA|17|3|1|S
79|GRUPO 79|18|5|1|S
80|GRASA|2|3|1|S
80|VERIFICAR GRUPO 80|5|10|1|S
80|GRUPO 80|6|5|1|S
80|VERIFICAR GRUPO 80|8|7|2|S
80|VERIFICAR GRUPO 80|11|7|2|S
80|PULVERIZADORES/REPUE|17|7|2|S
80|VERIFICAR GRUPO 80|18|7|2|S
81|GRISINES|2|3|1|S
81|VERIFICAR GRUPO 81|2|7|2|S
81|VERIFICAR GRUPO 81|7|7|2|S
81|MATAFUEGOS/CARGAS|10|7|2|S
81|VERIFICAR GRUPO 81|14|3|1|S
82|VERIFICAR GRUPO 82|9|3|1|S
82|ACEITE AEROSOL|9|7|2|S
82|GRUPO 82|10|6|1|S
82|GUANTES|12|3|1|S
83|HARINAS|2|3|1|S
83|GRUPO 83|7|5|1|S
83|VERIFICAR GRUPO 83|28|3|1|S
84|HARINA LEUDANTE|2|3|1|S
84|GRUPO 84|8|7|2|S
84|CARRETILLAS|19|8|2|S
85|HARINA MAIZ|2|3|1|S
85|VERIFICAR GRUPO 85|6|8|2|S
85|FLEXIBLES|18|7|2|S
85|VERIFICAR GRUPO 85|21|8|2|S
85|TERGOPOR|23|8|2|S
85|VERIFICAR GRUPO 85|25|8|2|S
86|HELADO|2|3|1|S
86|VERIFICAR GRUPO 86|6|7|2|S
86|ARTS. ALBA/ILERIA|7|7|2|S
86|VERIFICAR GRUPO 86|8|7|2|S
86|VERIFICAR GRUPO 86|10|7|2|S
86|GRUPO 86|10|8|2|S
86|VERIFICAR GRUPO 86|11|7|2|S
86|GRUPO 86|14|8|2|S
86|VERIFICAR GRUPO 86|18|7|2|S
86|GRUPO 86|19|8|2|S
86|VERIFICAR GRUPO 86|28|7|2|S
86|VERIFICAR GRUPO 86|29|7|2|S
87|HELADOS|2|3|1|S
87|GRUPO 87|6|5|1|S
87|DISCOS CORTE CEP/ACC|7|7|2|S
87|VERIFICAR GRUPO 87|8|7|2|S
87|GRUPO 87|10|6|1|S
87|VERIFICAR GRUPO 87|11|7|2|S
87|VERIFICAR GRUPO 87|28|7|2|S
88|VERIFICAR GRUPO 88|2|3|1|S
88|MECHAS PUNTA WIDIA|7|7|2|S
88|VERIFICAR GRUPO 88|9|3|1|S
88|HISOPOS|12|3|1|S
89|GRUPO 89|2|8|2|S
89|VERIFICAR GRUPO 89|7|7|2|S
89|GRUPO 89|8|5|1|S
89|VERIFICAR GRUPO 89|10|7|2|S
89|VERIFICAR GRUPO 89|11|7|2|S
89|HORMIGUICIDAS|12|3|1|S
89|VERIFICAR GRUPO 89|15|7|2|S
89|VERIFICAR GRUPO 89|17|3|1|S
89|VERIFICAR GRUPO 89|17|7|2|S
89|GRUPO89|17|8|2|S
89|REP./ACC. SANITARIOS|18|7|2|S
89|VERIFICAR GRUPO 89|19|7|2|S
89|VERIFICAR GRUPO 89|20|7|2|S
89|GRUPO 89|24|8|2|S
90|VERIFICAR GRUPO 90|2|7|2|S
90|VERIFICAR GRUPO 90|3|3|1|S
90|GRUPO 90|6|5|1|S
90|VERIFICAR GRUPO 90|6|8|2|S
90|VERIFICAR GRUPO 90|7|7|2|S
90|VERIFICAR GRUPO 90|8|7|2|S
90|VERIFICAR GRUPO 90|10|7|2|S
90|VERIFICAR GRUPO 90|11|7|2|S
90|VERIFICAR GRUPO 90|12|8|2|S
90|VERIFICAR GRUPO 90|13|7|2|S
90|ARTS. P/GRANJA|14|8|2|S
90|HUEVO PASCUA|16|3|1|S
90|VERIFICAR GRUPO 90|16|8|2|S
90|ELECTRIFICADORES-ACCESOR.|17|7|2|S
90|VERIFICAR GRUPO 90|19|7|2|S
90|VERIFICAR GRUPO 90|20|7|2|S
91|HUEVOS FRESCOS|2|3|1|S
91|VERIFICAR GRUPO 91|3|1|1|S
91|VERIFICAR GRUPO 91|3|3|1|S
91|TEJA ESMALTADA|6|8|2|S
91|VERIFICAR GRUPO 91|8|8|2|S
91|GRUPO 91|10|6|1|S
91|VERIFICAR GRUPO 91|26|3|1|S
92|VERIFICAR GRUPO 92|2|3|1|S
92|VERIFICAR GRUPO 92|9|3|1|S
92|ADITIVOS P/AUTOMOVIL|9|7|2|S
92|INSECTICIDA|12|3|1|S
92|VERIFICAR GRUPO 92|18|7|2|S
92|SIN GRUPO - 92|41|7|2|S
93|VERIFICAR GRUPO 93|9|3|1|S
93|GRUPO 93|10|6|1|S
93|JABON DE LAVAR|12|3|1|S
93|VERIFICAR GRUPO 93|13|7|2|S
93|RUEDAS/RIELES PORTON|20|7|2|S
94|GRUPO 94|6|5|1|S
94|VERIFICAR GRUPO 94|9|3|1|S
94|JABON LIQUIDO|12|3|1|S
95|VERIFICAR GRUPO 95|2|3|1|S
95|GRUPO 95|6|5|1|S
95|SIERRAS Y HOJAS P/SIERRA|7|7|2|S
95|GRUPO 95|8|5|1|S
95|VERIFICAR GRUPO 95|8|7|2|S
95|JABON TOCADOR|9|3|1|S
95|VERIFICAR GRUPO 95|12|3|1|S
95|VERIFICAR GRUPO 95|20|7|2|S
95|VERIFICAR GRUPO 95|28|7|2|S
96|GRUPO 96|6|5|1|S
96|GRUPO 96|7|5|1|S
96|GRUPO 96|8|5|1|S
96|CHAPAS|8|8|2|S
96|REP./ACC. COPIOSUS|11|7|2|S
96|VERIFICAR GRUPO 96|12|8|2|S
96|JARABE|17|3|1|S
97|JARDINERA|2|3|1|S
97|CHAPA TRASLUCIDA|8|8|2|S
97|REP. LAVARROPA/HELAD|11|7|2|S
97|VERIFICAR GRUPO 97|18|7|2|S
98|MAQUINAS COSER/REPUE|4|7|2|S
98|CHAPA SINUSOIDAL|8|8|2|S
98|VERIFICAR GRUPO 98|9|7|2|S
98|VERIFICAR GRUPO 98|11|7|2|S
98|VERIFICAR GRUPO 98|13|7|2|S
98|VERIFICAR GRUPO 98|13|8|2|S
98|VERIFICAR GRUPO 98|14|8|2|S
98|JEREZ|17|3|1|S
99|GRUPO 99|6|5|1|S
99|VERIFICAR GRUPO 99|6|7|2|S
99|RUEDA ESMERIL/CEPILL|7|7|2|S
99|VARIOS|12|14|3|S
99|JUGOS DIET|17|3|1|S
99|VERIFICAR GRUPO 99|19|7|2|S
99|VERIFICAR GRUPO 99|28|7|2|S
100|VERIFICAR GRUPO 100|2|3|1|S
100|VERIFICAR GRUPO 100|3|3|1|S
100|GRUPO 100|10|6|1|S
100|TORNILLO ATERRAJADOR|10|7|2|S
100|SIN GRUPO - 100|11|3|1|S
100|VERIFICAR GRUPO 100|13|7|2|S
100|GRUPO100|14|3|1|S
100|JUGOS|17|3|1|S
100|GRUPO100|35|3|1|S
101|JUREL|2|3|1|S
101|GRUPO 101|6|5|1|S
101|VERIFICAR GRUPO 101|6|7|2|S
101|VERIFICAR GRUPO 101|7|7|2|S
101|ELEMENTOS P/FIJACION|10|7|2|S
102|KETCHUP|2|3|1|S
102|VERIFICAR GRUPO 102|15|10|1|S
102|BISAGRAS|20|7|2|S
103|LAMPARAS|2|3|1|S
103|SIN GRUPO - 103|2|7|2|S
103|VERIFICAR GRUPO 103|9|3|1|S
103|GRUPO 103|10|6|1|S
103|VERIFICAR GRUPO 103|10|7|2|S
103|VERIFICAR GRUPO 103|12|3|1|S
103|VERIFICAR GRUPO 103|13|7|2|S
103|GRUPO103|14|3|1|S
103|CERRADURAS/CERROJOS|20|7|2|S
104|TEJIDO|1|8|2|S
104|VERIFICAR GRUPO 104|2|8|2|S
104|LAMPAZO|12|3|1|S
104|VERIFICAR GRUPO 104|14|8|2|S
104|MANIJAS/CUBETAS/FALL|20|7|2|S
105|ALAMBRE DE PUA|1|8|2|S
105|GRUPO 105|6|5|1|S
105|GRUPO 105|7|5|1|S
105|LANA DE ACERO|12|3|1|S
105|VERIFICAR GRUPO 105|12|8|2|S
106|LANGOSTINO|2|3|1|S
106|GRUPO 106|6|5|1|S
107|VERIFICAR GRUPO 107|2|3|1|S
107|GRUPO 107|6|5|1|S
107|LAVANDINA|12|3|1|S
108|LECHES LARGA VIDA|1|3|1|S
108|KG.ALAMBRE GALV.|1|8|2|S
108|VERIFICAR GRUPO 108|2|3|1|S
108|VERIFICAR GRUPO 108|9|3|1|S
108|VERIFICAR GRUPO 108|11|3|1|S
108|SIN GRUPO - 108|12|3|1|S
108|PASADORES|20|7|2|S
109|KG.ALAMBRE NEGRO|1|8|2|S
109|VERIFICAR GRUPO 109|2|3|1|S
109|PITONES|10|7|2|S
109|LECHE DE SOJA|17|3|1|S
109|GRUPO 109|18|5|1|S
109|VERIFICAR GRUPO 109|20|7|2|S
110|LECHE POLVO|1|3|1|S
110|VERIFICAR GRUPO 110|2|3|1|S
110|GRUPO 110|6|5|1|S
110|RUEDAS P/PUERTAS CORRED.|20|7|2|S
111|LEVADURA|2|3|1|S
111|VERIFICAR GRUPO 111|16|3|1|S
111|VERIFICAR GRUPO 111|25|3|1|S
112|LICOR|17|3|1|S
113|GRUPO 113|10|6|1|S
113|LIMPIA HORNOS|12|3|1|S
114|VERIFICAR GRUPO 114|4|7|2|S
114|GRUPO 114|6|5|1|S
114|VERIFICAR GRUPO 114|6|7|2|S
114|VERIFICAR GRUPO 114|7|7|2|S
114|VERIFICAR GRUPO 114|8|7|2|S
114|VERIFICAR GRUPO 114|10|7|2|S
114|VERIFICAR GRUPO 114|11|7|2|S
114|LIMPIA INODOROS|12|3|1|S
114|VERIFICAR GRUPO 114|18|7|2|S
114|VERIFICAR GRUPO 114|19|7|2|S
114|HERRAJES VARIOS|20|7|2|S
114|TRANQUERAS|22|8|2|S
115|GRUPO 115|6|7|2|S
115|ADHESIVOS PARA CERAMICOS|10|8|2|S
115|LIMPIA METALES|12|3|1|S
115|VERIFICAR GRUPO 115|21|8|2|S
115|VERIFICAR GRUPO 115|25|8|2|S
116|VERIFICAR GRUPO 116|2|3|1|S
116|LIMPIADOR|11|3|1|S
116|VERIFICAR GRUPO 116|12|3|1|S
117|DIETETICOS|2|3|1|S
117|VERIFICAR GRUPO 117|4|7|2|S
117|GRUPO 117|8|5|1|S
117|REP. FAROL/ESTUFAS|11|7|2|S
117|VERIFICAR GRUPO 117|13|7|2|S
117|VERIFICAR GRUPO 117|17|3|1|S
117|VERIFICAR GRUPO 117|18|7|2|S
117|CAÑO EPOXI|20|8|2|S
118|VERIFICAR GRUPO 118|2|3|1|S
118|GRUPO 118|6|5|1|S
118|PARCHES Y SOLUCION|6|7|2|S
118|VERIFICAR GRUPO 118|10|8|2|S
118|LUSTRA MUEBLES|12|3|1|S
118|VERIFICAR GRUPO 118|19|8|2|S
118|CARBON DE FRAGUA|23|8|2|S
119|MADALENAS|2|3|1|S
119|GRUPO 119|6|5|1|S
119|GRUPO 119|10|6|1|S
119|VERIFICAR GRUPO 119|11|7|2|S
119|VERIFICAR GRUPO 119|12|3|1|S
119|VERIFICAR GRUPO 119|15|7|2|S
119|REGULADORES GAS Y REPTOS.|18|7|2|S
120|MAIZ INFLADO|2|3|1|S
120|VERIFICAR GRUPO 120|10|7|2|S
120|VERIFICAR GRUPO 120|13|7|2|S
120|ABRAZADERAS|18|7|2|S
120|VERIFICAR GRUPO 120|19|7|2|S
121|ALIMENTO P/MASCOTAS|2|3|1|S
121|LIJAS|6|7|2|S
121|VERIFICAR GRUPO 121|7|7|2|S
121|VERIFICAR GRUPO 121|11|7|2|S
121|VERIFICAR GRUPO 121|28|7|2|S
121|GRUPO121|35|3|1|S
122|TEJIDO EXAG.Y ARTISTICO|1|8|2|S
122|MAIZ PISINGALLO|2|3|1|S
122|VERIFICAR GRUPO 122|14|8|2|S
122|VERIFICAR GRUPO 122|25|3|1|S
123|TELA GALVANIADA|1|8|2|S
123|MALTA|2|3|1|S
123|ARGOLLAS|10|7|2|S
123|VERIFICAR GRUPO 123|11|7|2|S
124|MALTEADAS|2|3|1|S
124|MASILLAS Y YESOS|6|7|2|S
124|VERIFICAR GRUPO 124|14|3|1|S
124|VERIFICAR GRUPO 124|18|7|2|S
125|MANI|2|3|1|S
125|FIJADORES P/PINTURA|6|7|2|S
125|GRUPO 125|10|6|1|S
125|VERIFICAR GRUPO 125|16|3|1|S
126|MANTECA|2|3|1|S
126|GRUPO 126|10|6|1|S
126|CALES.|10|8|2|S
126|VERIFICAR GRUPO 126|11|3|1|S
127|MANTERINA|2|3|1|S
127|GUANTES/DELANTALES|2|7|2|S
127|GRUPO 127|6|5|1|S
127|GRUPO 127|7|5|1|S
127|VERIFICAR GRUPO 127|7|7|2|S
128|VERIFICAR GRUPO 128|2|3|1|S
128|MAQUINA DE AFEITAR|9|3|1|S
128|GRUPO 128|10|6|1|S
129|MARGARINA|2|3|1|S
129|GRUPO129|3|8|2|S
129|VERIFICAR GRUPO 129|4|8|2|S
129|GRUPO 129|6|5|1|S
129|VERIFICAR GRUPO 129|6|7|2|S
129|VERIFICAR GRUPO 129|10|7|2|S
129|VERIFICAR GRUPO 129|13|7|2|S
129|PLASTILLERA|14|8|2|S
129|CINTA TEF/ENMAS/AISL|18|7|2|S
130|MATE COCIDO|2|3|1|S
131|MAYONESA|2|3|1|S
131|VERIFICAR GRUPO 131|2|7|2|S
131|VERIFICAR GRUPO 131|7|7|2|S
131|SOLDADURAS/ACCESORIO|8|7|2|S
131|VERIFICAR GRUPO 131|11|7|2|S
131|VERIFICAR GRUPO 131|20|7|2|S
132|MEDICAMENTOS|1|3|1|S
132|GRUPO 132|6|5|1|S
132|CARGADORES DE BATERIA|8|7|2|S
132|VERIFICAR GRUPO 132|28|7|2|S
133|MEJILLONES|2|3|1|S
133|VERIFICAR GRUPO 133|2|8|2|S
133|GRUPO133|3|8|2|S
133|ACCESORIOS MARRON|4|8|2|S
133|VERIFICAR GRUPO 133|7|7|2|S
133|VERIFICAR GRUPO 133|8|7|2|S
133|VERIFICAR GRUPO 133|8|8|2|S
133|VERIFICAR GRUPO 133|13|8|2|S
133|VERIFICAR GRUPO 133|14|8|2|S
133|VERIFICAR GRUPO 133|18|7|2|S
133|TALADROS|28|7|2|S
134|VERIFICAR GRUPO 134|1|8|2|S
134|MERMELADAS|2|3|1|S
134|VERIFICAR GRUPO 134|2|8|2|S
134|GRUPO 134|6|5|1|S
134|VERIFICAR GRUPO 134|11|8|2|S
134|PERFIL -C-|12|8|2|S
134|VERIFICAR GRUPO 134|16|3|1|S
134|AMOLADORAS ANGULARES|28|7|2|S
135|MEZCLA DE HIERBAS|2|3|1|S
135|CRIQUES HIDRAULICOS|7|7|2|S
135|VERIFICAR GRUPO 135|8|7|2|S
135|VERIFICAR GRUPO 135|17|7|2|S
136|PREMEZCLAS|2|3|1|S
136|EJES|7|7|2|S
136|VERIFICAR GRUPO 136|8|7|2|S
136|VERIFICAR GRUPO 136|12|3|1|S
136|VERIFICAR GRUPO 136|17|7|2|S
137|MEZCLA P/PIZZA|2|3|1|S
137|GRUPO137|3|8|2|S
137|VERIFICAR GRUPO 137|4|8|2|S
137|GRUPO 137|18|7|2|S
137|LLAVE DE PASO|18|8|2|S
137|VERIFICAR GRUPO 137|24|8|2|S
138|MIEL|2|3|1|S
138|GRUPO138|3|8|2|S
138|VERIFICAR GRUPO 138|4|8|2|S
138|BOCHAS|7|7|2|S
138|VERIFICAR GRUPO 138|17|7|2|S
138|VERIFICAR GRUPO 138|18|7|2|S
138|CANILLA IPS|18|8|2|S
139|MIJO|2|3|1|S
139|BUJE PVC|2|8|2|S
139|VERIFICAR GRUPO 139|11|7|2|S
139|BATERIAS Y ACCESORIO|12|7|2|S
139|VERIFICAR GRUPO 139|13|7|2|S
139|VERIFICAR GRUPO 139|17|7|2|S
139|SIN GRUPO - 139|35|3|1|S
140|MILANESA|2|3|1|S
140|VERIFICAR GRUPO 140|26|3|1|S
141|MORRON|2|3|1|S
141|GRUPO141|7|7|2|S
141|VERIFICAR GRUPO 141|8|7|2|S
141|AMOLADORAS DE BANCO|28|7|2|S
142|MOSTAZA|2|3|1|S
142|GRUPO 142|6|5|1|S
142|ADHESIVOS|6|7|2|S
142|VERIFICAR GRUPO 142|6|8|2|S
142|VERIFICAR GRUPO 142|7|7|2|S
142|GRUPO 142|8|5|1|S
142|VERIFICAR GRUPO 142|10|7|2|S
142|VERIFICAR GRUPO 142|13|7|2|S
142|GRUPO 142|18|5|1|S
142|VERIFICAR GRUPO 142|18|7|2|S
142|VERIFICAR GRUPO 142|20|7|2|S
143|MOUSSE|2|3|1|S
143|PINCELES|6|7|2|S
143|VERIFICAR GRUPO 143|28|7|2|S
144|VERIFICAR GRUPO 144|3|3|1|S
144|GRUPO 144|10|6|1|S
144|NAFTALINA|12|3|1|S
145|NUECES|2|3|1|S
145|CREMA LIMPIAMANOS|9|7|2|S
145|VERIFICAR GRUPO 145|18|7|2|S
145|VERIFICAR GRUPO 145|34|3|1|S
145|SIN GRUPO - 145|41|7|2|S
146|COPETIN|2|3|1|S
146|GRUPO 146|6|5|1|S
146|RODILLOS-REPUESTOS|6|7|2|S
146|GRUPO 146|8|5|1|S
146|VERIFICAR GRUPO 146|18|7|2|S
146|VERIFICAR GRUPO 146|26|3|1|S
147|GRUPO 147|6|5|1|S
147|GRUPO 147|10|6|1|S
148|VERIFICAR GRUPO 148|10|7|2|S
148|PALA RESIDUOS|12|3|1|S
148|VERIFICAR GRUPO 148|17|7|2|S
148|POLEAS/MOTONES/ROLDA|20|7|2|S
149|PALMITOS|2|3|1|S
149|GRUPO 149|6|5|1|S
150|PAN DULCE|2|3|1|S
150|GRUPO 150|6|5|1|S
150|SIN GRUPO|13|3|1|S
150|VERIFICAR GRUPO 150|14|3|1|S
151|REBOZADORES|2|3|1|S
151|GRUPO 151|6|5|1|S
151|GRUPO 151|10|6|1|S
151|ARENA|10|8|2|S
151|VERIFICAR GRUPO 151|14|3|1|S
152|VERIFICAR GRUPO 152|2|3|1|S
152|GRUPO 152|6|5|1|S
152|PAÑAL DESC.|9|3|1|S
152|VERIFICAR GRUPO 152|12|3|1|S
153|GRUPO 153|6|5|1|S
153|PAÑAL GERIATRICO|9|3|1|S
154|PAÑALIN|9|3|1|S
155|LACAS Y ACCESORIOS|6|7|2|S
155|VERIFICAR GRUPO 155|9|3|1|S
155|PAÑOS ABSORBENTES|12|3|1|S
156|GRUPO 156|6|5|1|S
156|GRUPO 156|8|5|1|S
156|PAÑUELOS|9|3|1|S
156|VERIFICAR GRUPO 156|11|7|2|S
156|VERIFICAR GRUPO 156|12|3|1|S
156|GRUPO 156|18|5|1|S
156|BORDEADORAS Y REPUES|19|7|2|S
156|TIRANTE|22|8|2|S
157|VERIFICAR GRUPO 157|2|3|1|S
157|VERIFICAR GRUPO 157|8|7|2|S
157|VERIFICAR GRUPO 157|11|7|2|S
157|VERIFICAR GRUPO 157|14|7|2|S
157|ANANA|17|3|1|S
157|CORTADORAS CESPED/RE|19|7|2|S
157|VERIFICAR GRUPO 157|27|7|2|S
158|LLAVES AJUSTABLES P\CA¥O|7|7|2|S
158|VERIFICAR GRUPO 158|9|3|1|S
158|VERIFICAR GRUPO 158|11|7|2|S
158|PAPEL HIGIENICO|12|3|1|S
158|SIN GRUPO - 158|41|7|2|S
159|PASA DE UVAS|2|3|1|S
159|HIDROLAVADORAS|8|7|2|S
159|VERIFICAR GRUPO 159|11|7|2|S
159|VERIFICAR GRUPO 159|13|7|2|S
159|VERIFICAR GRUPO 159|17|7|2|S
159|VERIFICAR GRUPO 159|27|7|2|S
160|GRUPO 160|6|5|1|S
160|PASTILLAS GOMA|16|3|1|S
161|GRUPO 161|6|5|1|S
161|ACCESORIOS P\TALADRO|7|7|2|S
161|VERIFICAR GRUPO 161|10|7|2|S
161|VERIFICAR GRUPO 161|11|7|2|S
161|PASTILLAS P/LAVAR|12|3|1|S
161|VERIFICAR GRUPO 161|28|7|2|S
162|VERIFICAR GRUPO 162|2|3|1|S
162|GRUPO 162|6|5|1|S
162|VERIFICAR GRUPO 162|7|7|2|S
162|GRUPO 162|8|5|1|S
162|GRUPO 162|10|6|1|S
162|VERIFICAR GRUPO 162|14|8|2|S
162|VERIFICAR GRUPO 162|17|7|2|S
162|SILOS|23|8|2|S
162|VERIFICAR GRUPO 162|28|7|2|S
162|HERRAMIENTAS NEUMATICAS|29|7|2|S
163|PEPINOS|2|3|1|S
163|MACHOS/COJIN./TERRAJ|7|7|2|S
163|VERIFICAR GRUPO 163|8|7|2|S
163|VERIFICAR GRUPO 163|18|7|2|S
164|PERAS AL NATURAL|2|3|1|S
164|HERRAMIENTAS CARPINTERIA|7|7|2|S
164|VERIFICAR GRUPO 164|8|7|2|S
164|VERIFICAR GRUPO 164|28|7|2|S
165|PICADILLO Y PATE|2|3|1|S
165|MADERA POSTE|22|8|2|S
166|PICKLES|2|3|1|S
166|GRUPO 166|6|5|1|S
166|GRUPO 166|7|5|1|S
167|PILAS|2|3|1|S
168|POLVO FECULA|2|3|1|S
168|GRUPO 168|6|5|1|S
168|VERIFICAR GRUPO 168|7|7|2|S
168|GRUPO 168|8|5|1|S
168|COMPRESORES/REPUESTO|8|7|2|S
168|VERIFICAR GRUPO 168|11|7|2|S
168|VERIFICAR GRUPO 168|17|7|2|S
168|VERIFICAR GRUPO 168|19|7|2|S
168|HORMIGONERA Y REPUESTO|19|8|2|S
168|VERIFICAR GRUPO 168|27|8|2|S
168|VERIFICAR GRUPO 168|28|7|2|S
168|VERIFICAR GRUPO 168|29|7|2|S
169|POLVO HORNEAR|2|3|1|S
169|VERIFICAR GRUPO 169|10|8|2|S
169|ANDAMIOS Y TABLONES|19|8|2|S
170|VERIFICAR GRUPO 170|2|3|1|S
170|VERIFICAR GRUPO 170|7|7|2|S
170|CLAVOS/GRAMPAS|10|7|2|S
170|POLVO P/LAVAR|12|3|1|S
170|VERIFICAR GRUPO 170|13|7|2|S
171|LLAVES COMBINADAS|7|7|2|S
171|POMADAS P/CALZADO|12|3|1|S
171|VERIFICAR GRUPO 171|18|7|2|S
172|CHUCRUT|2|3|1|S
172|CHAVETAS|10|7|2|S
173|GRUPO 173|6|5|1|S
173|GRUPO 173|8|5|1|S
173|ENERGIZANTE|17|3|1|S
174|ALIMENTO P/NIÑOS|2|3|1|S
174|GANCHOS TECHO|10|7|2|S
175|"0"|0|3|1|S
175|VERIFICAR GRUPO 175|2|3|1|S
175|GRUPO 175|6|5|1|S
175|GRUPO 175|7|5|1|S
176|POSTRES|2|3|1|S
176|GRUPO 176|6|5|1|S
176|GRUPO 176|7|5|1|S
176|VERIFICAR GRUPO 176|11|3|1|S
176|VERIFICAR GRUPO 176|16|3|1|S
177|AMIANTO|10|7|2|S
177|PRELAVADO|12|3|1|S
178|PROTECCION FEMENINA|9|3|1|S
179|PURE DE PAPAS|2|3|1|S
179|GRUPO 179|6|5|1|S
180|PURE TOMATES|2|3|1|S
180|VERIFICAR GRUPO 180|7|7|2|S
180|GRUPO 180|8|5|1|S
180|VERIFICAR GRUPO 180|8|7|2|S
180|CANTO RODADO|10|8|2|S
180|VERIFICAR GRUPO 180|28|7|2|S
180|PISTOLAS PINTAR|29|7|2|S
181|VERIFICAR GRUPO 181|2|3|1|S
181|VERIFICAR GRUPO 181|4|8|2|S
181|GRUPO 181|6|5|1|S
181|GRUPO 181|7|5|1|S
181|LLAVES ALEM/TORX/T|7|7|2|S
181|GRUPO 181|8|5|1|S
181|GRUPO 181|10|6|1|S
181|VERIFICAR GRUPO 181|10|8|2|S
181|QUESOS|11|3|1|S
181|NICHOS P/GAS|16|8|2|S
181|VERIFICAR GRUPO 181|18|7|2|S
181|VERIFICAR GRUPO 181|24|8|2|S
182|RAVIOLES|2|3|1|S
182|VERIFICAR GRUPO 182|4|7|2|S
182|GRUPO 182|6|5|1|S
182|LADRILLO HUECO|6|8|2|S
182|CANILLAS|18|7|2|S
182|VERIFICAR GRUPO 182|24|8|2|S
183|ELECTROBOMBAS|1|7|2|S
183|BUDIN|2|3|1|S
183|GRUPO 183|6|5|1|S
183|GRUPO 183|8|5|1|S
183|VERIFICAR GRUPO 183|8|7|2|S
183|VERIFICAR GRUPO 183|11|7|2|S
183|VERIFICAR GRUPO 183|17|7|2|S
183|VERIFICAR GRUPO 183|28|7|2|S
183|VERIFICAR GRUPO 183|29|7|2|S
184|REPELENTE|12|3|1|S
185|REPUESTO|2|3|1|S
185|GRUPO 185|6|5|1|S
185|GRUPO 185|7|5|1|S
185|GRUPO 185|8|5|1|S
185|VERIFICAR GRUPO 185|9|3|1|S
186|REMACHADORAS/ENGRAMP|7|7|2|S
186|VERIFICAR GRUPO 186|11|7|2|S
186|RHODESIA|16|3|1|S
186|VERIFICAR GRUPO 186|29|7|2|S
187|VERIFICAR GRUPO 187|2|7|2|S
187|SOGAS/PIOLINES/HILOS|10|7|2|S
187|RICOTA|11|3|1|S
187|VERIFICAR GRUPO 187|13|7|2|S
187|VERIFICAR GRUPO 187|17|7|2|S
188|ROCIO VEGETAL|2|3|1|S
189|ROLLO COCINA|12|3|1|S
190|RON|17|3|1|S
191|SAL|2|3|1|S
191|VERIFICAR GRUPO 191|11|7|2|S
191|GARRAFAS|18|7|2|S
192|DURAZNO FIZZ|2|3|1|S
192|VERIFICAR GRUPO 192|17|3|1|S
192|PERCHAS|20|7|2|S
193|CLERICO FIZZ|2|3|1|S
193|VERIFICAR GRUPO 193|17|3|1|S
194|SALSAS|2|3|1|S
194|GRUPO 194|7|5|1|S
194|ACIDO|10|7|2|S
195|SALSA GOLF|2|3|1|S
195|GRUPO 195|6|5|1|S
195|ACEITE LINO|6|7|2|S
195|VERIFICAR GRUPO 195|9|7|2|S
196|SARDINAS|2|3|1|S
197|VERIFICAR GRUPO 197|2|8|2|S
197|GRUPO 197|7|5|1|S
197|VERIFICAR GRUPO 197|10|8|2|S
197|SECADOR DE GOMA|12|3|1|S
197|BOYAS|18|7|2|S
197|ADITIVO LIGANTE|21|8|2|S
197|VERIFICAR GRUPO 197|27|8|2|S
198|SEMOLA|2|3|1|S
198|CABLES ACERO/ACCESOR|10|7|2|S
198|VERIFICAR GRUPO 198|17|7|2|S
199|VERIFICAR GRUPO 199|2|3|1|S
199|GRUPO 199|10|6|1|S
199|SERVILLETAS|12|3|1|S
200|VERIFICAR GRUPO 200|2|3|1|S
200|GRUPO 200|6|5|1|S
200|CABOS|7|7|2|S
200|GRUPO 200|8|5|1|S
200|SHAMPOO|9|3|1|S
200|SIN GRUPO - 200|9|5|1|S
200|VERIFICAR GRUPO 200|17|3|1|S
200|GRUPO 200|18|5|1|S
200|VERIFICAR GRUPO 200|19|7|2|S
201|VERIFICAR GRUPO 201|1|7|2|S
201|VERIFICAR GRUPO 201|2|7|2|S
201|VERIFICAR GRUPO 201|7|7|2|S
201|VERIFICAR GRUPO 201|8|7|2|S
201|VERIFICAR GRUPO 201|9|7|2|S
201|VERIFICAR GRUPO 201|10|7|2|S
201|VERIFICAR GRUPO 201|11|7|2|S
201|VERIFICAR GRUPO 201|13|7|2|S
201|SIDRA|17|3|1|S
201|ARTS. RURALES|17|7|2|S
201|VERIFICAR GRUPO 201|18|7|2|S
201|VERIFICAR GRUPO 201|19|7|2|S
201|GRUPO 201|26|8|2|S
201|VERIFICAR GRUPO 201|27|7|2|S
202|FERRITES|10|7|2|S
202|VERIFICAR GRUPO 202|14|3|1|S
202|SODA|17|3|1|S
202|VERIFICAR GRUPO 202|18|7|2|S
203|SOPAS|2|3|1|S
203|GRUPO 203|6|5|1|S
203|GRUPO 203|8|5|1|S
204|SUAVIZANTE|12|3|1|S
205|GRUPO 205|6|5|1|S
205|TABLETAS MOSQUITOS|12|3|1|S
206|VERIFICAR GRUPO 206|2|3|1|S
206|GRUPO 206|8|5|1|S
206|TALCOS|9|3|1|S
206|VERIFICAR GRUPO 206|10|7|2|S
206|LONAS Y COBERTORES|17|7|2|S
207|VERIFICAR GRUPO 207|7|7|2|S
207|GRUPO 207|8|5|1|S
207|MORZAS Y REPUESTOS|8|7|2|S
207|TAMPONES|9|3|1|S
207|VERIFICAR GRUPO 207|11|7|2|S
208|TE|2|3|1|S
208|VERIFICAR GRUPO 208|7|7|2|S
208|MANGUERAS Y CANOS|10|7|2|S
208|VERIFICAR GRUPO 208|11|7|2|S
208|VERIFICAR GRUPO 208|17|7|2|S
208|VERIFICAR GRUPO 208|18|7|2|S
208|VERIFICAR GRUPO 208|19|7|2|S
208|VERIFICAR GRUPO 208|29|7|2|S
209|VERIFICAR GRUPO 209|8|7|2|S
209|VERIFICAR GRUPO 209|11|7|2|S
209|TITA|16|3|1|S
209|VERIFICAR GRUPO 209|19|7|2|S
209|RUEDAS|20|7|2|S
210|ALIMENTO CHOCOLATE|2|3|1|S
210|REMOVEDOR|6|7|2|S
211|TOALLITAS HUMEDAS|9|3|1|S
212|TOMATE NATURAL|2|3|1|S
212|GRUPO 212|6|5|1|S
213|TOMATE TRITURADO|2|3|1|S
213|CORTINA PVC|2|8|2|S
213|GRUPO 213|7|5|1|S
213|VERIFICAR GRUPO 213|7|7|2|S
213|VERIFICAR GRUPO 213|14|8|2|S
213|GRUPO213|17|8|2|S
213|VERIFICAR GRUPO 213|18|8|2|S
213|SERRUCHOS|19|7|2|S
214|TOSTADAS|2|3|1|S
214|DILUYENTES/AGUARRAS|6|7|2|S
214|VERIFICAR GRUPO 214|14|3|1|S
215|GRUPO 215|6|5|1|S
215|GRUPO 215|7|5|1|S
215|VERIFICAR GRUPO 215|7|7|2|S
215|TRAPO PISOS|12|3|1|S
215|TORNIQUETES/TENSORES|17|7|2|S
216|VERIFICAR GRUPO 216|2|3|1|S
216|TURRON|16|3|1|S
216|VERIFICAR GRUPO 216|17|7|2|S
216|VALV.P\BEBEDEROS|18|7|2|S
217|VINAGRES|2|3|1|S
217|GRUPO 217|8|5|1|S
217|GRUPO 217|18|5|1|S
217|VALV.RETENCION/FILTR|18|7|2|S
218|"0"|0|3|1|S
218|VERIFICAR GRUPO 218|10|7|2|S
218|VERIFICAR GRUPO 218|11|7|2|S
218|VERIFICAR GRUPO 218|18|7|2|S
218|BARRALES/ACC. CORTIN|20|7|2|S
219|VERIFICAR GRUPO 219|1|3|1|S
219|PRIMER PRECIO|2|3|1|S
219|GRUPO 219|6|5|1|S
219|ESTOPA/FRANELA/REJIL|6|7|2|S
219|VERIFICAR GRUPO 219|9|3|1|S
219|VERIFICAR GRUPO 219|11|3|1|S
219|VERIFICAR GRUPO 219|12|3|1|S
219|VERIFICAR GRUPO 219|16|3|1|S
219|VERIFICAR GRUPO 219|17|3|1|S
219|VERIFICAR GRUPO 219|20|3|1|S
219|VERIFICAR GRUPO 219|25|3|1|S
219|SIN GRUPO - 219|35|3|1|S
220|GRUPO 220|6|5|1|S
220|VINO BLANCO|17|3|1|S
220|GRIFERIAS|18|7|2|S
220|GRUPO 220|24|8|2|S
221|GRUPO 221|6|5|1|S
221|VERIFICAR GRUPO 221|7|7|2|S
221|VINO ROSADO|17|3|1|S
221|LLAVES DE PASO|18|7|2|S
222|VERIFICAR GRUPO 222|2|3|1|S
222|GRUPO 222|6|5|1|S
222|GRUPO 222|7|5|1|S
222|VINO TINTO|17|3|1|S
222|VIDRIO|18|7|2|S
223|PINTURAS AL AGUA/CAL|6|7|2|S
223|VODKA|17|3|1|S
224|GRUPO 224|6|5|1|S
224|WHISKY|17|3|1|S
225|YERBA|2|3|1|S
225|GRUPO 225|8|5|1|S
225|PLAVINIL|10|7|2|S
226|VERIFICAR GRUPO 226|9|3|1|S
226|YOGHURT|11|3|1|S
227|AZUCAR|2|3|1|S
228|COLORACION|9|3|1|S
229|GRUPO 229|7|5|1|S
229|VERIFICAR GRUPO 229|9|3|1|S
229|DESODORANTE|12|3|1|S
230|GRUPO 230|6|5|1|S
230|GRUPO 230|7|5|1|S
230|GRUPO 230|8|5|1|S
230|VERIFICAR GRUPO 230|10|7|2|S
230|VERIFICAR GRUPO 230|17|7|2|S
230|GRUPO 230|18|5|1|S
230|ACCESORIOS DE BRONCE|18|7|2|S
232|GASOGENO/TUBOS/ACC|8|7|2|S
233|VERIFICAR GRUPO 233|7|7|2|S
233|CIZALLAS|8|7|2|S
233|VERIFICAR GRUPO 233|11|7|2|S
233|VERIFICAR GRUPO 233|28|7|2|S
235|GRUPO 235|6|5|1|S
235|VERIFICAR GRUPO 235|7|7|2|S
235|GRUPO 235|8|5|1|S
235|VERIFICAR GRUPO 235|9|7|2|S
235|REP. STHIL|11|7|2|S
235|VERIFICAR GRUPO 235|13|7|2|S
235|VERIFICAR GRUPO 235|27|7|2|S
236|GRUPO 236|6|5|1|S
236|VERIFICAR GRUPO 236|7|7|2|S
236|GRUPO 236|10|6|1|S
236|VERIFICAR GRUPO 236|13|7|2|S
236|MENSULAS Y RIELES|20|7|2|S
238|GRUPO 238|8|5|1|S
240|ACCESORIOS EPOXI|15|7|2|S
240|VERIFICAR GRUPO 240|18|7|2|S
241|RESORTES|10|7|2|S
241|VERIFICAR GRUPO 241|11|7|2|S
241|GRUPO 241|18|5|1|S
241|VERIFICAR GRUPO 241|20|7|2|S
243|VERIFICAR GRUPO 243|7|7|2|S
243|VERIFICAR GRUPO 243|11|7|2|S
243|MOTOSIERRA/MOTOGUADA|19|7|2|S
243|VERIFICAR GRUPO 243|27|7|2|S
246|GRUPO 246|2|3|1|S
250|GRUPO 250|6|5|1|S
250|VERIFICAR GRUPO 250|7|7|2|S
250|VERIFICAR GRUPO 250|10|7|2|S
250|REP. CHERTA|11|7|2|S
250|VERIFICAR GRUPO 250|17|7|2|S
250|VERIFICAR GRUPO 250|20|7|2|S
252|GRUPO 252|1|8|2|S
252|ALAMBRES|10|7|2|S
253|GRUPO 253|6|5|1|S
254|ALEMITES|10|7|2|S
254|VERIFICAR GRUPO 254|17|7|2|S
255|TORNILLO C/FREZADA|10|7|2|S
255|GRUPO 255|16|8|2|S
256|GRUPO 256|7|5|1|S
256|VERIFICAR GRUPO 256|13|8|2|S
256|VERIFICAR GRUPO 256|17|8|2|S
256|CLARABOYA ACERO|24|8|2|S
257|GRUPO 257|6|5|1|S
257|GRUPO 257|7|5|1|S
257|GRUPO 257|8|5|1|S
257|GRUPO 257|18|5|1|S
258|GRUPO 258|2|3|1|S
259|GRUPO 259|6|5|1|S
264|GRUPO 264|6|5|1|S
265|GRUPO 265|2|3|1|S
266|GRUPO 266|6|5|1|S
266|GRUPO 266|8|5|1|S
267|GRUPO 267|6|5|1|S
268|GRUPO 268|6|5|1|S
268|GRUPO 268|7|5|1|S
268|GRUPO 268|8|5|1|S
268|GRUPO 268|18|5|1|S
271|GRUPO 271|7|5|1|S
273|GRUPO 273|14|3|1|S
273|GRUPO 273|26|3|1|S
274|GRUPO 274|6|5|1|S
274|GRUPO 274|14|3|1|S
275|GRUPO 275|2|3|1|S
276|GRUPO 276|2|3|1|S
277|GRUPO 277|2|3|1|S
278|VERIFICAR GRUPO 278|4|7|2|S
278|VERIFICAR GRUPO 278|7|7|2|S
278|VERIFICAR GRUPO 278|11|7|2|S
278|PICADORAS/EMBUT./ACC|17|7|2|S
280|VERIFICAR GRUPO 280|7|7|2|S
280|HACHAS|19|7|2|S
281|GRUPO 281|7|5|1|S
282|GRUPO 282|6|5|1|S
282|GENERADORES/TRACTOUS|8|7|2|S
282|VERIFICAR GRUPO 282|17|7|2|S
282|VERIFICAR GRUPO 282|27|7|2|S
284|MOTORES ELECTRICOS|1|7|2|S
284|GRUPO 284|6|5|1|S
284|GRUPO 284|8|5|1|S
285|GRUPO 285|2|3|1|S
285|GRUPO 285|6|5|1|S
285|GRUPO 285|18|5|1|S
286|GRUPO 286|2|3|1|S
287|VERIFICAR GRUPO 287|1|7|2|S
287|BOMBA ENGRASE Y REPU|8|7|2|S
287|VERIFICAR GRUPO 287|17|7|2|S
289|GRUPO 289|6|5|1|S
294|GRUPO 294|6|5|1|S
294|GRUPO 294|7|5|1|S
294|GRUPO 294|8|5|1|S
295|GRUPO 295|8|5|1|S
299|GRUPO 299|7|5|1|S
299|TORNILLO DE BRONCE|10|7|2|S
300|GRUPO 300|6|5|1|S
300|VERIFICAR GRUPO 300|6|8|2|S
300|TUERCAS|10|7|2|S
300|VIGUETA PRETENSADA|16|8|2|S
301|REGATONES|20|7|2|S
302|ELEMENTOS MEDICION|7|7|2|S
302|VERIFICAR GRUPO 302|11|7|2|S
302|VERIFICAR GRUPO 302|13|7|2|S
302|VERIFICAR GRUPO 302|17|7|2|S
302|GRUPO 302|19|8|2|S
302|VERIFICAR GRUPO 302|28|7|2|S
302|VERIFICAR GRUPO 302|29|7|2|S
303|GRUPO 303|8|5|1|S
304|GRUPO 304|4|7|2|S
305|VERIFICAR GRUPO 305|7|7|2|S
305|VERIFICAR GRUPO 305|11|7|2|S
305|GRUPO305|17|8|2|S
305|ACCESORIOS SANITARIOS|18|7|2|S
305|GRUPO 305|24|8|2|S
305|GRUPO 305|25|8|2|S
306|VERIFICAR GRUPO 306|11|7|2|S
306|ZOCALOS|20|7|2|S
307|VERIFICAR GRUPO 307|7|7|2|S
307|SOLDADORES|8|7|2|S
307|VERIFICAR GRUPO 307|11|7|2|S
307|VERIFICAR GRUPO 307|13|7|2|S
307|VERIFICAR GRUPO 307|18|7|2|S
309|GRUPO 309|8|5|1|S
312|GRUPO 312|6|5|1|S
312|GRUPO 312|7|5|1|S
315|GRUPO 315|13|7|2|S
315|CURADOR CERAMICOL|21|8|2|S
316|DEPOS.COL.ACC.VARIOS|18|7|2|S
317|GRUPO 317|6|5|1|S
320|GRUPO 320|6|5|1|S
320|GRUPO 320|8|5|1|S
320|GRUPO 320|18|5|1|S
324|GRUPO 324|7|7|2|S
324|GRUPO 324|10|7|2|S
324|GRUPO 324|13|7|2|S
325|GRUPO 325|6|5|1|S
325|GRUPO 325|10|6|1|S
325|PAPEL ADEMITE/ESPANA|10|7|2|S
325|VERIFICAR GRUPO 325|11|7|2|S
326|GRUPO 326|6|5|1|S
328|GRUPO 328|7|7|2|S
331|GRUPO 331|12|3|1|S
331|REVESTIMIENTOS|18|7|2|S
332|PISOS DE GOMA|10|7|2|S
332|VERIFICAR GRUPO 332|11|7|2|S
332|VERIFICAR GRUPO 332|19|7|2|S
333|GRUPO 333|13|7|2|S
342|GRUPO 342|12|3|1|S
387|GRUPO 387|1|7|2|S
387|GRUPO 387|11|7|2|S
388|GRUPO 388|2|3|1|S
388|REP. ZANELLA|11|7|2|S
388|SIN GRUPO - 388|35|3|1|S
391|GRUPO 391|2|3|1|S
398|GRUPO 398|2|3|1|S
401|SIN GRUPO - 401|0|6|1|S
401|GRUPO 401|6|5|1|S
401|IND. NIÑOS OTOÑO-INVIERNO|10|6|1|S
402|VERIFICAR GRUPO 402|2|3|1|S
402|GRUPO 402|6|5|1|S
402|SIN GRUPO - 402|10|5|1|S
402|IND. NIÑOS PRIMAVERA-VERANO|10|6|1|S
403|SIN GRUPO - 403|0|6|1|S
403|VERIFICAR GRUPO 403|2|3|1|S
403|GRUPO 403|6|5|1|S
403|GRUPO403|7|5|1|S
403|GRUPO403|9|3|1|S
403|IND. MUJER OTOÑO-INVIERNO|10|6|1|S
404|GRUPO 404|6|5|1|S
404|IND. MUJER  PRIMAVERA-VERANO|10|6|1|S
405|SIN GRUPO - 405|6|5|1|S
405|GRUPO 405|10|6|1|S
405|VERIFICAR GRUPO 405|12|3|1|S
405|IND. HOMBRE OTOÑO-INVIERNO|18|5|1|S
406|IND. HOMBRE PRIMAVERA-VERANO|10|6|1|S
406|VERIFICAR GRUPO 406|12|3|1|S
408|GRUPO 408|6|5|1|S
408|GRUPO 408|7|5|1|S
408|VERIFICAR GRUPO 408|9|3|1|S
408|MARROQUINERIA Y ACC. PRIM.-VER.|10|6|1|S
409|ROPA INTERIOR|10|6|1|S
410|GRUPO  410|6|5|1|S
410|BLANCOS|10|6|1|S
411|VERIFICAR GRUPO 411|2|3|1|S
411|GRUPO 411|6|5|1|S
411|TRAJES DE BAÑO|10|6|1|S
411|VERIFICAR GRUPO 411|15|10|1|S
412|GRUPO 412|6|5|1|S
413|PERF.REGALAR|0|3|1|S
413|GRUPO 413|6|5|1|S
413|VERIFICAR GRUPO 413|9|3|1|S
413|VERIFICAR GRUPO 413|10|8|2|S
413|ADITIVOS|21|8|2|S
413|VERIFICAR GRUPO 413|23|8|2|S
413|VERIFICAR GRUPO 413|27|8|2|S
414|PROMO 103 ANIV|0|3|1|S
414|GRUPO 414|4|7|2|S
414|GRUPO 414|6|5|1|S
414|GRUPO 414|7|5|1|S
414|VERIFICAR GRUPO 414|9|3|1|S
414|GRUPO 414|11|7|2|S
414|VERIFICAR GRUPO 414|12|3|1|S
415|TELEFONIA CELULAR|4|7|2|S
415|GRUPO 415|6|5|1|S
415|GRUPO 415|7|5|1|S
415|GRUPO 415|8|5|1|S
415|GRUPO 415|9|3|1|S
415|JEANS - provisorio -|10|6|1|S
415|VERIFICAR GRUPO 415|23|55|2|S
415|VERIFICAR GRUPO 415|24|7|2|S
415|VERIFICAR GRUPO 415|40|55|2|S
416|GRUPO 416|6|5|1|S
416|GRUPO 416|8|5|1|S
416|IND.SONDER|9|3|1|S
416|IND.SONDER|10|6|1|S
417|GRUPO 417|9|3|1|S
420|GRUPO 420|9|3|1|S
421|GRUPO 421|1|3|1|S
421|GRUPO 421|2|3|1|S
421|GRUPO 421|3|3|1|S
421|GRUPO 421|6|5|1|S
421|GRUPO 421|8|5|1|S
421|GRUPO 421|10|6|1|S
422|GRUPO 422|10|6|1|S
423|GRUPO 423|6|5|1|S
427|GRUPO 427|12|3|1|S
428|GRUPO 428|12|3|1|S
433|GRUPO 433|12|3|1|S
435|GRUPO 435|12|3|1|S
439|GRUPO 439|2|3|1|S
439|GRUPO 439|12|3|1|S
441|GRUPO 441|12|3|1|S
448|GRUPO 448|12|3|1|S
449|GRUPO 449|2|3|1|S
451|GRUPO 451|6|5|1|S
451|GRUPO 451|9|3|1|S
453|GRUPO 453|12|3|1|S
454|GRUPO 454|12|3|1|S
459|GRUPO 459|12|3|1|S
462|GRUPO 462|12|3|1|S
466|GRUPO 466|12|3|1|S
467|GRUPO 467|12|3|1|S
468|GRUPO 468|12|3|1|S
477|GRUPO 477|2|3|1|S
478|GRUPO 478|12|3|1|S
479|GRUPO 479|12|3|1|S
481|GRUPO 481|12|3|1|S
482|GRUPO 482|12|3|1|S
483|MUEBLES|4|7|2|S
483|VERIFICAR GRUPO 483|7|7|2|S
483|VERIFICAR GRUPO 483|11|7|2|S
483|GRUPO 483|24|8|2|S
485|SIN GRUPO|4|10|1|S
485|VERIFICAR GRUPO 485|15|10|1|S
485|GRUPO 485|26|3|1|S
486|GRUPO 486|12|3|1|S
500|PLANCHAS|4|7|2|S
500|GRUPO 500|6|5|1|S
500|GRUPO 500|9|3|1|S
501|PROCESADORAS|4|7|2|S
501|GRUPO 501|6|5|1|S
501|VERIFICAR GRUPO 501|13|7|2|S
502|VERIFICAR GRUPO 502|1|7|2|S
502|ASPIRADORAS/LUSTRASP|4|7|2|S
502|GRUPO 502|6|5|1|S
502|VERIFICAR GRUPO 502|8|7|2|S
502|VERIFICAR GRUPO 502|11|7|2|S
502|GRUPO 502|12|3|1|S
502|VERIFICAR GRUPO 502|28|7|2|S
503|BATIDORAS|4|7|2|S
504|GRUPO 504|12|3|1|S
505|GRUPO 505|8|5|1|S
505|GRUPO 505|12|3|1|S
506|ESTUFAS KEROSEN/GAS|4|7|2|S
506|VERIFICAR GRUPO 506|11|7|2|S
506|GRUPO 506|12|3|1|S
507|CAFETERAS|4|7|2|S
508|GRUPO 508|2|3|1|S
508|FREIDORAS|4|7|2|S
509|PURIFICADOR DE AIRE|4|7|2|S
510|EXPRIMIDORES|4|7|2|S
511|SECARROPAS/TENDER|4|7|2|S
512|VENTILADORES DE TECHO|4|7|2|S
513|AFEITADORAS/CORT.PEL|4|7|2|S
513|VERIFICAR GRUPO 513|17|7|2|S
514|SECADORES CABELLO/AC|4|7|2|S
515|DEPILADORAS|4|7|2|S
516|TOSTADORAS/SANDWICHE|4|7|2|S
518|GRUPO 518|2|3|1|S
518|TELEVISORES|4|7|2|S
519|LAVAVAJILLAS|4|7|2|S
520|VIDEOGRABADORES/DVD|4|7|2|S
520|GRUPO 520|6|5|1|S
520|GRUPO 520|10|6|1|S
520|GRUPO 520|12|3|1|S
520|VERIFICAR GRUPO 520|24|7|2|S
521|RADIOS|4|7|2|S
521|VERIFICAR GRUPO 521|24|7|2|S
522|RADIO RELOJ|4|7|2|S
523|RADIOGRABADORES|4|7|2|S
523|GRUPO 523|12|3|1|S
524|CALCULADORAS|4|7|2|S
524|VERIFICAR GRUPO 524|24|7|2|S
525|VIDEOCAMARAS|4|7|2|S
525|GRUPO 525|12|3|1|S
525|VERIFICAR GRUPO 525|24|7|2|S
527|HORNOS MICROONDAS|4|7|2|S
528|FREEZER|4|7|2|S
529|CONSERVADORAS/BIDONE|4|7|2|S
530|VERIFICAR GRUPO 530|2|7|2|S
530|HELADERAS|4|7|2|S
530|VERIFICAR GRUPO 530|7|7|2|S
531|GRUPO 531|12|3|1|S
532|LAVARROPAS|4|7|2|S
533|COCINAS A GAS/HORNOS|4|7|2|S
533|GRUPO533|26|7|2|S
534|CALEFONES|4|7|2|S
535|GRUPO535|1|7|2|S
535|ELECTROCALEFONES/REP|4|7|2|S
535|VERIFICAR GRUPO 535|13|7|2|S
535|VERIFICAR GRUPO 535|18|7|2|S
536|VANITORY|4|7|2|S
536|GRUPO 536|24|8|2|S
537|SILLONES/REPOSERAS|4|7|2|S
538|LENOS/HOGARES|4|7|2|S
539|OLLAS FUNDICION|4|7|2|S
539|VERIFICAR GRUPO 539|17|7|2|S
540|ESCRITORIOS|4|7|2|S
540|GRUPO 540|6|5|1|S
542|TABLA PLANCHAR|4|7|2|S
544|COCINAS/ESTUFAS LENA|4|7|2|S
544|VERIFICAR GRUPO 544|10|7|2|S
544|GRUPO 544|14|8|2|S
546|TERMOTANQUES|4|7|2|S
546|VERIFICAR GRUPO 546|11|7|2|S
550|GRUPO 550|9|3|1|S
552|AUTOESTEREOS|4|7|2|S
553|GRUPO 553|4|7|2|S
554|PANQUEQUERAS|4|7|2|S
555|VENTILADOR PIE/TURBO|4|7|2|S
559|APLIQUES DE LUZ|13|7|2|S
560|CALEFACTORES|4|7|2|S
560|VERIFICAR GRUPO 560|8|7|2|S
560|VERIFICAR GRUPO 560|17|7|2|S
560|GRUPO 560|24|8|2|S
561|ESPEJOS|4|7|2|S
561|GRUPO 561|24|8|2|S
562|COLCHONES/SOMMIER/BO|4|7|2|S
562|GRUPO 562|9|3|1|S
563|ALMOHADAS|4|7|2|S
564|ANAFES/QUEMAD./ACC.|4|7|2|S
564|VERIFICAR GRUPO 564|10|7|2|S
564|VERIFICAR GRUPO 564|11|7|2|S
564|VERIFICAR GRUPO 564|17|7|2|S
565|ACONDICIONADOR DE AIRE|4|7|2|S
567|EQUIPOS DRAGO|4|7|2|S
568|FABRIPASTAS|4|7|2|S
570|VERIFICAR GRUPO 570|4|7|2|S
570|ESCALERAS|6|7|2|S
575|NO USAR--GRUPO INVALIDO--|4|7|2|S
575|VERIFICAR GRUPO 575|7|7|2|S
575|LINTERNAS/REFLECTOR|13|7|2|S
575|VERIFICAR GRUPO 575|26|7|2|S
576|GRUPO 576|9|3|1|S
578|PAVAS|4|7|2|S
580|GRUPO 580|9|3|1|S
582|GRUPO 582|9|3|1|S
584|ARA¥AS|13|7|2|S
585|ALFOMBRAS|4|7|2|S
585|VERIFICAR GRUPO 585|10|7|2|S
586|ARTS. P/BEBES|4|7|2|S
589|VERIFICAR GRUPO 589|4|7|2|S
589|ANTENAS Y ACCESORIOS|13|7|2|S
593|VERIFICAR GRUPO 593|4|7|2|S
593|GRUPO 593|9|3|1|S
593|REP. COCINA|11|7|2|S
593|VERIFICAR GRUPO 593|18|7|2|S
594|GRUPO 594|2|3|1|S
594|VERIFICAR GRUPO 594|4|7|2|S
594|PILAS|6|7|2|S
594|VERIFICAR GRUPO 594|13|7|2|S
594|VERIFICAR GRUPO 594|24|7|2|S
595|VELADORES|4|7|2|S
595|GRUPO 595|9|3|1|S
595|VERIFICAR GRUPO 595|13|7|2|S
596|VERIFICAR GRUPO 596|4|7|2|S
596|GRUPO 596|9|3|1|S
596|VERIFICAR GRUPO 596|12|7|2|S
596|ARTEFACTOS LUCES|13|7|2|S
596|VERIFICAR GRUPO 596|24|7|2|S
597|VERIFICAR GRUPO 597|10|7|2|S
597|BURLETES|20|7|2|S
598|SOPORTES T.V.|4|7|2|S
598|VERIFICAR GRUPO 598|20|7|2|S
599|BICICLETAS/REP./ACC.|4|7|2|S
599|VERIFICAR GRUPO 599|7|7|2|S
599|VERIFICAR GRUPO 599|10|7|2|S
599|VERIFICAR GRUPO 599|11|7|2|S
600|GRUPO 600|6|5|1|S
600|GRUPO 600|7|5|1|S
600|GRUPO 600|8|5|1|S
600|GRUPO 600|18|5|1|S
601|LICUADORAS|4|7|2|S
601|GRUPO 601|6|5|1|S
601|GRUPO 601|8|5|1|S
602|GRUPO 602|6|5|1|S
602|GRUPO 602|18|5|1|S
603|MINICOMPONENTES|4|7|2|S
603|GRUPO 603|6|5|1|S
603|VERIFICAR GRUPO 603|24|7|2|S
604|GRUPO 604|6|5|1|S
605|NEBULIZADORES/TENSIO|4|7|2|S
606|BALANZAS|4|7|2|S
606|VERIFICAR GRUPO 606|17|7|2|S
607|VERIFICAR GRUPO 607|4|7|2|S
607|CAMARAS FOTOGRAFICAS|24|7|2|S
608|TELEFONOS/FAXES|4|7|2|S
608|GRUPO 608|6|5|1|S
608|GRUPO 608|9|3|1|S
608|VERIFICAR GRUPO 608|13|7|2|S
608|VERIFICAR GRUPO 608|24|7|2|S
609|GRUPO 609|2|3|1|S
609|PILETA Y SOMBRILLAS|4|7|2|S
610|GRUPO 610|6|5|1|S
612|GRUPO 612|9|3|1|S
613|GRUPO 613|6|5|1|S
613|GRUPO 613|7|5|1|S
613|GRUPO 613|8|5|1|S
613|GRUPO 613|9|3|1|S
617|GRUPO 617|9|3|1|S
620|GRUPO 620|9|3|1|S
622|GRUPO 622|9|3|1|S
626|GRUPO 626|9|3|1|S
636|GRUPO 636|9|3|1|S
637|GRUPO 637|9|3|1|S
638|GRUPO 638|9|3|1|S
641|GRUPO 641|6|5|1|S
641|GRUPO 641|8|5|1|S
655|GRUPO 655|2|3|1|S
684|VERIFICAR GRUPO 684|15|10|1|S
686|GRUPO 686|2|3|1|S
687|GRUPO 687|2|3|1|S
688|GRUPO 688|2|3|1|S
695|GRUPO 695|4|7|2|S
700|GRUPO 700|13|7|2|S
700|GRUPO 700|20|7|2|S
701|GRUPO 701|2|3|1|S
712|GRUPO 712|9|3|1|S
713|GRUPO 713|9|3|1|S
714|GRUPO 714|9|3|1|S
777|GRUPO 777|2|3|1|S
777|GRUPO 777|14|3|1|S
778|GRUPO 778|2|3|1|S
785|GRUPO 785|9|3|1|S
787|GRUPO 787|2|3|1|S
789|GRUPO 789|2|3|1|S
791|GRUPO 791|2|3|1|S
795|GRUPO 795|2|3|1|S
801|ELEMENTOS SEGURIDAD|2|7|2|S
801|VERIFICAR GRUPO 801|7|7|2|S
801|VERIFICAR GRUPO 801|10|7|2|S
801|VERIFICAR GRUPO 801|11|7|2|S
801|VERIFICAR GRUPO 801|13|7|2|S
801|VERIFICAR GRUPO 801|17|7|2|S
801|VERIFICAR GRUPO 801|18|7|2|S
801|VERIFICAR GRUPO 801|28|7|2|S
801|SIN GRUPO - 801|41|7|2|S
802|VERIFICAR GRUPO 802|7|7|2|S
802|VERIFICAR GRUPO 802|8|7|2|S
802|ATORNILLADORES|28|7|2|S
802|SIN GRUPO - 802|41|7|2|S
803|VERIFICAR GRUPO 803|7|7|2|S
803|VERIFICAR GRUPO 803|8|7|2|S
803|SIERRAS CALAD/CIRCUL|28|7|2|S
804|VERIFICAR GRUPO 804|8|7|2|S
804|CORTADORAS SENSITIVA|28|7|2|S
805|LIJADORAS|28|7|2|S
806|VERIFICAR GRUPO 806|4|7|2|S
806|VERIFICAR GRUPO 806|7|7|2|S
806|VERIFICAR GRUPO 806|8|7|2|S
806|VERIFICAR GRUPO 806|11|7|2|S
806|VERIFICAR GRUPO 806|17|7|2|S
806|JARDINERIA|19|7|2|S
807|VERIFICAR GRUPO 807|4|7|2|S
807|VERIFICAR GRUPO 807|7|7|2|S
807|VERIFICAR GRUPO 807|8|7|2|S
807|VERIFICAR GRUPO 807|10|7|2|S
807|REP. VARIOS|11|7|2|S
807|VERIFICAR GRUPO 807|13|7|2|S
807|VERIFICAR GRUPO 807|17|7|2|S
807|VERIFICAR GRUPO 807|18|7|2|S
807|GRUPO807|20|7|2|S
807|GRUPO 807|24|8|2|S
807|VERIFICAR GRUPO 807|29|7|2|S
807|GRUPO 807|29|8|2|S
807|SIN GRUPO - 807|41|7|2|S
808|VERIFICAR GRUPO 808|6|7|2|S
808|ARTS. DE TALLER|7|7|2|S
808|VERIFICAR GRUPO 808|8|7|2|S
808|VERIFICAR GRUPO 808|9|7|2|S
808|VERIFICAR GRUPO 808|10|7|2|S
808|VERIFICAR GRUPO 808|11|7|2|S
808|VERIFICAR GRUPO 808|13|7|2|S
808|VERIFICAR GRUPO 808|17|7|2|S
808|VERIFICAR GRUPO 808|18|7|2|S
808|VERIFICAR GRUPO 808|28|7|2|S
808|VERIFICAR GRUPO 808|29|7|2|S
808|SIN GRUPO - 808|41|7|2|S
809|ESTUFAS ELECTRICAS|4|7|2|S
809|VERIFICAR GRUPO 809|13|7|2|S
810|MOLDURAS POLIEST.|6|7|2|S
811|REP. HIDROLAVADORAS|11|7|2|S
812|VERIFICAR GRUPO 812|8|7|2|S
812|APAREJOS/MOTONES|17|7|2|S
813|PINTURAS ACRIL/ACC.|6|7|2|S
814|PISTOLAS DE CALOR|28|7|2|S
815|ESTEREOS/PARLANTES|4|7|2|S
815|VERIFICAR GRUPO 815|24|7|2|S
816|DISCMAN/WALKMAN|4|7|2|S
816|GRUPO816|24|7|2|S
817|CASSETTES AUDIO/VIDE|4|7|2|S
819|VERIFICAR GRUPO 819|4|7|2|S
819|VERIFICAR GRUPO 819|13|7|2|S
819|VERIFICAR GRUPO 819|18|7|2|S
819|ART. LIQUIDACION|26|7|2|S
886|GRUPO 886|12|3|1|S
901|GRUPO 901|13|3|1|S
901|GRUPO 901|14|3|1|S
907|GRUPO 907|14|3|1|S
908|GRUPO 908|2|3|1|S
908|GRUPO 908|14|3|1|S
909|GRUPO 909|14|3|1|S
910|GRUPO 910|14|3|1|S
912|GRUPO 912|2|3|1|S
912|GRUPO 912|14|3|1|S
913|GRUPO 913|14|3|1|S
914|GRUPO 914|14|3|1|S
915|GRUPO 915|14|3|1|S
916|GRUPO 916|14|3|1|S
920|GRUPO 920|14|3|1|S
921|GRUPO 921|14|3|1|S
929|GRUPO 929|2|3|1|S
931|GRUPO 931|14|3|1|S
933|GRUPO 933|2|3|1|S
933|GRUPO 933|14|3|1|S
951|GRUPO 951|9|3|1|S
958|GRUPO 958|17|7|2|S
999|GRUPO 999|4|7|2|S
999|GRUPO 999|6|7|2|S
999|GRUPO 999|7|7|2|S
999|GRUPO 999|10|7|2|S
999|VERIFICAR GRUPO 999|10|8|2|S
999|GRUPO 999|11|7|2|S
999|GRUPO 999|13|7|2|S
999|VERIFICAR GRUPO 999|14|8|2|S
999|VERIFICAR GRUPO 999|16|8|2|S
999|GRUPO 999|18|7|2|S
999|GRUPO 999|20|7|2|S
999|VARIOS|23|8|2|S
999|VERIFICAR GRUPO 999|24|8|2|S
1037|GRUPO 1037|1|3|1|S
1037|GRUPO 1037|2|3|1|S
1046|GRUPO 1046|2|3|1|S
1048|GRUPO 1048|2|3|1|S
1051|GRUPO 1051|2|3|1|S
1056|GRUPO 1056|2|3|1|S
1058|GRUPO 1058|2|3|1|S
1069|GRUPO 1069|2|3|1|S
1075|GRUPO 1075|2|3|1|S
1081|GRUPO 1081|2|3|1|S
1109|GRUPO 1109|2|3|1|S
1130|GRUPO 1130|2|3|1|S
1131|GRUPO 1131|2|3|1|S
1161|GRUPO 1161|2|3|1|S
1166|GRUPO 1166|2|3|1|S
1170|GRUPO 1170|7|7|2|S
1176|GRUPO 1176|2|3|1|S
1177|GRUPO 1177|2|3|1|S
1178|GRUPO 1178|2|3|1|S
1179|GRUPO 1179|2|3|1|S
1188|GRUPO 1188|2|3|1|S
1223|GRUPO 1223|2|3|1|S
1224|GRUPO 1224|2|3|1|S
1226|GRUPO 1226|2|3|1|S
1230|GRUPO 1230|2|3|1|S
1236|GRUPO 1236|2|3|1|S
1238|GRUPO 1238|2|3|1|S
1239|GRUPO 1239|2|3|1|S
1240|GRUPO 1240|2|3|1|S
1242|GRUPO 1242|2|3|1|S
1244|GRUPO 1244|2|3|1|S
1261|GRUPO 1261|2|3|1|S
1307|GRUPO 1307|2|3|1|S
1340|GRUPO 1340|11|3|1|S
1343|GRUPO 1343|1|3|1|S
1344|GRUPO 1344|1|3|1|S
1346|GRUPO 1346|11|3|1|S
1348|GRUPO 1348|11|3|1|S
1348|GRUPO 1348|14|3|1|S
1351|GRUPO 1351|1|3|1|S
1351|GRUPO 1351|11|3|1|S
1352|GRUPO 1352|1|3|1|S
1353|GRUPO 1353|2|3|1|S
1388|GRUPO 1388|3|3|1|S
1389|GRUPO 1389|3|3|1|S
1390|GRUPO 1390|3|3|1|S
1391|GRUPO 1391|3|3|1|S
1392|GRUPO 1392|3|3|1|S
1393|GRUPO 1393|3|3|1|S
1396|GRUPO 1396|3|3|1|S
1400|GRUPO 1400|3|3|1|S
1401|GRUPO 1401|3|3|1|S
1432|GRUPO 1432|3|3|1|S
1470|GRUPO 1470|10|6|1|S
1497|GRUPO 1497|17|3|1|S
1504|GRUPO 1504|17|3|1|S
1531|GRUPO 1531|12|3|1|S
1536|GRUPO 1536|2|3|1|S
1536|GRUPO 1536|12|3|1|S
1552|GRUPO 1552|2|3|1|S
1577|GRUPO 1577|16|3|1|S
1580|GRUPO 1580|16|3|1|S
1620|GRUPO 1620|2|3|1|S
1621|GRUPO 1621|2|3|1|S
1622|GRUPO 1622|2|3|1|S
1623|GRUPO 1623|2|3|1|S
1624|GRUPO 1624|2|3|1|S
1625|GRUPO 1625|2|3|1|S
1626|GRUPO 1626|2|3|1|S
1731|GRUPO 1731|9|3|1|S
1913|GRUPO 1913|12|3|1|S
1915|GRUPO 1915|2|3|1|S
1916|GRUPO 1916|2|3|1|S
1966|GRUPO 1966|2|3|1|S
2000|GRUPO 2000|24|3|1|S
2002|GRUPO 2002|24|3|1|S
2003|GRUPO 2003|24|3|1|S
2006|GRUPO 2006|24|3|1|S
2021|GRUPO 2021|14|3|1|S
2022|GRUPO 2022|2|3|1|S
2022|GRUPO 2022|14|3|1|S
2025|GRUPO 2025|9|3|1|S
2054|GRUPO 2054|9|3|1|S
2160|GRUPO 2160|14|3|1|S
2500|GRUPO 2500|2|3|1|S
2500|VERIFICAR GRUPO 2500|5|10|1|S
3000|GRUPO 3000|2|3|1|S
3004|GRUPO 3004|9|7|2|S
3034|GRUPO 3034|13|7|2|S
3204|GRUPO 3204|4|7|2|S
4068|GRUPO 4068|25|8|2|S
5000|GRUPO 5000|9|3|1|S
5357|SIN GRUPO - 5357|10|6|1|S
6000|GRUPO 6000|2|3|1|S
7001|GRUPO 7001|12|8|2|S
7003|GRUPO 7003|3|8|2|S
7037|GRUPO 7037|2|8|2|S
7063|GRUPO 7063|24|8|2|S
7064|GRUPO 7064|24|8|2|S
7065|GRUPO 7065|24|8|2|S
7068|GRUPO 7068|25|8|2|S
7069|PRUEBA DE ALTA|2|3|1|S
7070|PROMOCION INVIERNO|10|6|1|S
7071|PROMOCION MUNDIAL UNILEVER|2|3|1|S
7071|PROMOCION MUNDIAL UNILEVER|9|3|1|S
7071|PROMOCION MUNDIAL UNILEVER|12|3|1|S
7071|GRUPO7071|17|3|1|S
7072|PROMOCION MUNDIAL CLOROX|2|3|1|S
7072|PROMOCION MUNDIAL CLOROX|9|3|1|S
7072|PROMOCION MUNDIAL CLOROX|12|3|1|S
7073|REP.HONDA|11|7|2|S
7074|PROMO DOVE DIA DE LA MADRE|9|3|1|S
7075|ALAMBRES TEJIDOS|14|8|2|S
7076|METAL DESPLEGADO|12|8|2|S
7077|ABERTURAS ALUMINIO|17|8|2|S
7078|ABERTURAS CHAPA|17|8|2|S
7079|PROMO UNILEVER DIA DEL PADRE|9|3|1|S
7080|MOTOCICLETAS Y ACCESORIOS|42|7|2|S
7081|MOLINOS PROMO|2|3|1|S
7082|CARNE CERDO|21|10|1|S
7084|PANIFICACION|2|3|1|S
7084|SIN GRUPO - 7084|13|3|1|S
7085|ZURCHMITTEN|43|8|2|S
7086|INDUMENTARIA DEPORTIVA|10|6|1|S
7087|FRAZADAS Y ACOLCHADOS DESC.|10|6|1|S
7088|DELICATESSEN Y REGIONALES|0|0|1|S
7088|DELICATESSEN Y REGIONALES|0|3|1|S
7088|DELICATESSEN Y REGIONALES|0|5|1|S
7088|DELICATESSEN Y REGIONALES|0|6|1|S
7088|DELICATESSEN Y REGIONALES|1|3|1|S
7088|DELICATESSEN Y REGIONALES|1|5|1|S
7088|DELICATESSEN Y REGIONALES|2|3|1|S
7088|DELICATESSEN Y REGIONALES|3|3|1|S
7088|DELICATESSEN Y REGIONALES|4|10|1|S
7088|DELICATESSEN Y REGIONALES|5|10|1|S
7088|DELICATESSEN Y REGIONALES|6|5|1|S
7088|DELICATESSEN Y REGIONALES|7|5|1|S
7088|DELICATESSEN Y REGIONALES|8|5|1|S
7088|DELICATESSEN Y REGIONALES|9|3|1|S
7088|DELICATESSEN Y REGIONALES|10|6|1|S
7088|DELICATESSEN Y REGIONALES|11|3|1|S
7088|DELICATESSEN Y REGIONALES|12|3|1|S
7088|DELICATESSEN Y REGIONALES|13|3|1|S
7088|DELICATESSEN Y REGIONALES|14|3|1|S
7088|DELICATESSEN Y REGIONALES|15|10|1|S
7088|DELICATESSEN Y REGIONALES|16|3|1|S
7088|DELICATESSEN Y REGIONALES|17|3|1|S
7088|DELICATESSEN Y REGIONALES|18|5|1|S
7088|DELICATESSEN Y REGIONALES|19|3|1|S
7088|DELICATESSEN Y REGIONALES|20|3|1|S
7088|DELICATESSEN Y REGIONALES|21|10|1|S
7088|DELICATESSEN Y REGIONALES|22|3|1|S
7088|DELICATESSEN Y REGIONALES|23|3|1|S
7088|DELICATESSEN Y REGIONALES|24|3|1|S
7088|DELICATESSEN Y REGIONALES|25|3|1|S
7088|DELICATESSEN Y REGIONALES|26|3|1|S
7088|DELICATESSEN Y REGIONALES|27|3|1|S
7088|DELICATESSEN Y REGIONALES|28|3|1|S
7088|DELICATESSEN Y REGIONALES|30|3|1|S
7088|DELICATESSEN Y REGIONALES|31|3|1|S
7088|DELICATESSEN Y REGIONALES|32|3|1|S
7088|DELICATESSEN Y REGIONALES|33|3|1|S
7088|DELICATESSEN Y REGIONALES|34|3|1|S
7088|DELICATESSEN Y REGIONALES|35|3|1|S
7088|DELICATESSEN Y REGIONALES|35|5|1|S
7089|REP. HERRAM.ELECTRICAS|11|7|2|S
7090|REP. ART.HOGAR|11|7|2|S
7091|PROMO CHACABUCO|17|3|1|S
7092|ESCOLAR |7|5|1|S
7093|PROMO CHACABUCO|17|3|1|S
7094|TIEMPO LIBRE|6|5|1|S
7095|PROMO LHERITIER|0|3|1|S
7096|ALMACEN SALUDABLE|2|3|1|S
7097|APARATOS GIMNASIA Y FITNESS|4|7|2|S
7098|JUGO EN POLVO|17|3|1|S
7099|FILTROS|72|7|2|S
7100|BUJIAS|72|7|2|S
7101|LAMPARAS|72|7|2|S
7102|ESCOBILLAS|72|7|2|S
7103|SIN GRUPO|72|7|2|S
